0.334059,0.327187,0.338754
0.313838,0.303068,0.383094
0.295481,0.293437,0.411081
0.294527,0.401931,0.303542
0.273455,0.347353,0.379192
0.309405,0.377231,0.313364
0.331537,0.409101,0.259362
0.31551,0.345506,0.338984
0.323951,0.320084,0.355965
0.336714,0.31301,0.350275
0.383369,0.343032,0.273599
0.383733,0.319754,0.296514
0.371539,0.314834,0.313627
0.358828,0.421039,0.220133
0.31195,0.365302,0.322748
0.300852,0.330779,0.368369
0.341361,0.36002,0.298619
0.361032,0.402756,0.236212
0.335531,0.351917,0.312552
0.364844,0.386166,0.24899
0.340498,0.345943,0.313559
0.339039,0.324456,0.336504
0.34465,0.317525,0.337824
0.358514,0.284994,0.356492
0.395619,0.373799,0.230582
0.368475,0.363199,0.268326
0.382611,0.403204,0.214185
0.362334,0.449006,0.18866
0.320289,0.478071,0.20164
0.270176,0.329937,0.399887
0.24422,0.390118,0.365662
0.235159,0.28948,0.475361
0.254602,0.365583,0.379815
0.276062,0.406492,0.317446
0.284855,0.309586,0.405559
0.288386,0.277108,0.434506
0.28779,0.309608,0.402602
0.302188,0.275527,0.422285
0.317484,0.280319,0.402197
0.31804,0.330315,0.351645
0.318279,0.325947,0.355774
0.32703,0.318759,0.354211
0.338762,0.315692,0.345546
0.355443,0.280173,0.364384
0.37219,0.297946,0.329865
0.387066,0.399487,0.213448
0.361414,0.350649,0.287937
0.313862,0.319712,0.366427
0.285251,0.427108,0.287641
0.264261,0.326297,0.409442
0.253306,0.402961,0.343733
0.240269,0.32631,0.433421
0.26876,0.303753,0.427487
0.29934,0.296146,0.404513
0.325789,0.300392,0.373819
0.37804,0.325545,0.296415
0.382392,0.345828,0.271779
0.388011,0.309459,0.30253
0.383608,0.314552,0.301841
0.353569,0.351758,0.294673
0.336654,0.341148,0.322198
0.333645,0.327154,0.339202
0.34748,0.284647,0.367873
0.380479,0.373605,0.245916
0.375008,0.43274,0.192253
0.33895,0.476008,0.185043
0.287695,0.491592,0.220713
0.240481,0.47242,0.287099
0.207002,0.288721,0.504276
0.200502,0.255911,0.543587
0.259437,0.315252,0.425312
0.312535,0.359773,0.327692
0.32801,0.336399,0.335591
0.347215,0.294197,0.358589
0.359965,0.297533,0.342502
0.35538,0.304715,0.339906
0.33142,0.344812,0.323768
0.320505,0.336029,0.343466
0.323233,0.322843,0.353924
0.332666,0.315517,0.351816
0.344158,0.314512,0.341329
0.359999,0.281074,0.358928
0.401032,0.370488,0.22848
0.385872,0.339768,0.274361
0.359194,0.436348,0.204457
0.314591,0.486564,0.198845
0.261974,0.494667,0.243359
0.20301,0.306904,0.490086
0.238202,0.287891,0.473907
0.277013,0.284043,0.438944
0.308857,0.254546,0.436596
0.347335,0.317377,0.335288
0.358064,0.287454,0.354483
0.369024,0.341974,0.289002
0.370504,0.305434,0.324061
0.365473,0.311649,0.322878
0.346136,0.31493,0.338934
0.310605,0.348663,0.340732
0.326776,0.395891,0.277333
0.328599,0.432606,0.238795
0.313504,0.457267,0.229229
0.272599,0.339392,0.388009
0.297713,0.284653,0.417634
0.303673,0.307764,0.388563
0.320443,0.27461,0.404947
0.359686,0.366697,0.273617
0.344628,0.353694,0.301678
0.340414,0.33469,0.324896
0.37656,0.365913,0.257527
0.358861,0.349959,0.291181
0.385709,0.383526,0.230765
0.356255,0.353551,0.290194
0.379363,0.389559,0.231078
0.346815,0.350571,0.302614
0.339883,0.327131,0.332986
0.378904,0.359962,0.261134
0.371139,0.322632,0.306228
0.368849,0.410076,0.221075
0.340416,0.462723,0.196861
0.29583,0.485176,0.218994
0.251551,0.47408,0.274368
0.203093,0.293598,0.503309
0.266395,0.34275,0.390855
0.293943,0.288534,0.417523
0.31505,0.277924,0.407026
0.323649,0.320452,0.355899
0.353646,0.371262,0.275093
0.352366,0.323677,0.323956
0.32973,0.338999,0.331271
0.351024,0.387623,0.261354
0.350362,0.432232,0.217406
0.312023,0.353696,0.334281
0.33939,0.390588,0.270022
0.341799,0.426705,0.231495
0.325866,0.452851,0.221283
0.298082,0.463779,0.238139
0.268931,0.457239,0.27383
0.239317,0.298146,0.462536
0.229949,0.244136,0.525916
0.241982,0.242063,0.515955
0.258791,0.251306,0.489903
0.292384,0.36169,0.345925
0.29406,0.339273,0.366667
0.331424,0.372547,0.296029
0.330769,0.34381,0.325421
0.366633,0.374516,0.258851
0.362377,0.325961,0.311662
0.343069,0.307361,0.34957
0.331848,0.414228,0.253924
0.305431,0.334588,0.359982
0.262225,0.319389,0.418386
0.279498,0.278665,0.441837
0.311291,0.364448,0.324261
0.306587,0.340216,0.353197
0.32499,0.289244,0.385766
0.335972,0.289741,0.374286
0.351502,0.393339,0.255159
0.335572,0.335423,0.329005
0.31302,0.428453,0.258527
0.287202,0.332202,0.380596
0.256525,0.28357,0.459905
0.240843,0.303725,0.455432
0.258663,0.301982,0.439355
0.30878,0.318546,0.372674
0.330687,0.32728,0.342033
0.374841,0.351827,0.273332
0.378489,0.322119,0.299392
0.366518,0.314869,0.318613
0.332892,0.344763,0.322345
0.346506,0.398811,0.254683
0.339308,0.441344,0.219348
0.312199,0.338888,0.348912
0.266873,0.312274,0.420853
0.285632,0.275938,0.43843
0.294939,0.31039,0.39467
0.306801,0.309061,0.384138
0.353681,0.334038,0.312281
0.357675,0.341657,0.300668
0.392051,0.371385,0.236564
0.370906,0.356809,0.272286
0.371825,0.311509,0.316666
0.376821,0.40119,0.221989
0.351018,0.457346,0.191636
0.293274,0.355635,0.351091
0.300765,0.295818,0.403417
0.318521,0.378501,0.302977
0.30119,0.337699,0.361111
0.310378,0.317667,0.371954
0.331739,0.277504,0.390757
0.350247,0.288375,0.361378
0.353445,0.300523,0.346032
0.342778,0.308386,0.348836
0.322608,0.309817,0.367576
0.291635,0.343091,0.365274
0.298745,0.293164,0.408091
0.303731,0.28678,0.409489
0.31885,0.388074,0.293077
0.313628,0.324487,0.361885
0.29621,0.299063,0.404727
0.274898,0.325905,0.399197
0.281322,0.316812,0.401866
0.326883,0.336427,0.33669
0.345427,0.302016,0.352558
0.343198,0.336361,0.320441
0.340977,0.32975,0.329272
0.353032,0.289698,0.35727
0.353205,0.335776,0.311019
0.357057,0.297032,0.345911
0.374401,0.392047,0.233553
0.353781,0.340483,0.305736
0.305791,0.342502,0.351707
0.298799,0.327242,0.373959
0.339361,0.353566,0.307073
0.336132,0.338824,0.325043
0.374053,0.366209,0.259738
0.369188,0.324698,0.306114
0.364809,0.412479,0.222712
0.321832,0.359126,0.319042
0.340342,0.401431,0.258227
0.326885,0.324705,0.34841
0.320539,0.40607,0.273391
0.299964,0.322416,0.377619
0.269008,0.312222,0.41877
0.304901,0.363922,0.331177
0.329864,0.402892,0.267244
0.335555,0.43491,0.229535
0.305938,0.346299,0.347763
0.312531,0.31658,0.37089
0.326872,0.309142,0.363985
0.345507,0.277631,0.376862
0.360715,0.330049,0.309236
0.359916,0.330526,0.309558
0.361333,0.328853,0.309813
0.370869,0.293827,0.335304
0.369517,0.342534,0.287949
0.361176,0.336956,0.301868
0.393163,0.368662,0.238176
0.367421,0.356392,0.276187
0.388521,0.390127,0.221352
0.366156,0.33647,0.297373
0.320563,0.336386,0.343051
0.342432,0.386406,0.271162
0.343364,0.427861,0.228775
0.307641,0.348772,0.343587
0.321963,0.294273,0.383764
0.345099,0.378716,0.276185
0.323371,0.346053,0.330575
0.334044,0.297101,0.368855
0.328958,0.327209,0.343832
0.359724,0.369185,0.271091
0.355431,0.322864,0.321705
0.329798,0.338975,0.331227
0.333343,0.296732,0.369925
0.349805,0.389573,0.260622
0.341015,0.443338,0.215647
0.312313,0.342797,0.34489
0.284392,0.419123,0.296485
0.250949,0.330078,0.418973
0.279979,0.27826,0.441761
0.318206,0.358756,0.323038
0.315347,0.33766,0.346993
0.352861,0.371541,0.275598
0.365948,0.416726,0.217325
0.335414,0.356201,0.308385
0.341383,0.303762,0.354855
0.334389,0.29311,0.372502
0.322093,0.293264,0.384643
0.307665,0.294252,0.398082
0.293798,0.29329,0.412912
0.276056,0.329879,0.394065
0.289522,0.281801,0.428677
0.297202,0.322105,0.380693
0.313198,0.275621,0.411181
0.325282,0.327169,0.347549
0.35839,0.359569,0.282041
0.3727,0.4106,0.2167
0.353889,0.344186,0.301924
0.316222,0.309007,0.374771
0.285349,0.2919,0.42275
0.267428,0.282936,0.449637
0.254401,0.316153,0.429446
0.266916,0.30954,0.423543
0.290294,0.299873,0.409833
0.31761,0.259374,0.423016
0.347863,0.323705,0.328431
0.384366,0.356172,0.259462
0.382199,0.327618,0.290183
0.353807,0.352126,0.294066
0.339222,0.339316,0.321462
0.36976,0.372361,0.257879
0.372754,0.420081,0.207165
0.332254,0.358642,0.309104
0.324489,0.326973,0.348539
0.365077,0.358979,0.275945
0.377748,0.407132,0.215119
0.355596,0.339926,0.304478
0.333238,0.421889,0.244872
0.287451,0.344094,0.368454
0.300886,0.2908,0.408313
0.299833,0.312667,0.3875
0.31529,0.276166,0.408544
0.330828,0.284166,0.385006
0.353714,0.387884,0.258401
0.345921,0.446671,0.207408
0.31661,0.348588,0.334802
0.282682,0.426369,0.290949
0.261613,0.456639,0.281748
0.246856,0.452636,0.300508
0.236791,0.30051,0.462699
0.253279,0.364016,0.382705
0.262947,0.288457,0.448596
0.273719,0.265407,0.460874
0.30065,0.370057,0.329293
0.294974,0.337674,0.367352
0.307002,0.319355,0.373642
0.352307,0.348506,0.299187
0.377595,0.398224,0.224181
0.363977,0.339749,0.296274
0.323931,0.336119,0.33995
0.325282,0.296731,0.377986
0.320787,0.290513,0.3887
0.328866,0.396716,0.274417
0.314381,0.329267,0.356352
0.280803,0.328859,0.390338
0.285398,0.317578,0.397024
0.330875,0.340482,0.328644
0.346272,0.304381,0.349347
0.366392,0.391992,0.241615
0.338367,0.359949,0.301684
0.341747,0.307626,0.350628
0.325144,0.330392,0.344464
0.35264,0.374523,0.272837
0.335822,0.347194,0.316984
0.366765,0.37947,0.253764
0.345538,0.348602,0.30586
0.374836,0.382077,0.243087
0.371595,0.427924,0.20048
0.340086,0.343425,0.316489
0.310151,0.420818,0.269031
0.278889,0.32008,0.401031
0.266644,0.398339,0.335018
0.247374,0.322018,0.430607
0.296489,0.358099,0.345412
0.331239,0.393536,0.275225
0.334706,0.32327,0.342024
0.319315,0.325307,0.355378
0.348446,0.376671,0.274883
0.334158,0.344737,0.321105
0.335666,0.325537,0.338797
0.349987,0.28735,0.362663
0.359454,0.295672,0.344874
0.354274,0.304843,0.340883
0.330202,0.346432,0.323366
0.330129,0.302245,0.367626
0.341156,0.396595,0.262248
0.326837,0.332167,0.340996
0.299507,0.302878,0.397614
0.272065,0.325133,0.402802
0.278137,0.31594,0.405923
0.30401,0.266862,0.429128
0.329682,0.277805,0.392512
0.336288,0.333575,0.330138
0.363543,0.372958,0.263499
0.359166,0.327599,0.313235
0.338175,0.312144,0.349681
0.312349,0.303931,0.38372
0.281834,0.332959,0.385206
0.306462,0.379687,0.313851
0.313769,0.311903,0.374327
0.302211,0.327483,0.370306
0.30785,0.318134,0.374016
0.328533,0.275243,0.396224
0.347392,0.28721,0.365398
0.344923,0.339324,0.315753
0.339238,0.334049,0.326713
0.349934,0.291206,0.35886
0.355662,0.299108,0.34523
0.347413,0.306675,0.345911
0.320815,0.347221,0.331964
0.312202,0.334617,0.35318
0.318048,0.319883,0.362069
0.337586,0.276102,0.386312
0.355524,0.290316,0.35416
0.35069,0.342669,0.306641
0.343248,0.336259,0.320493
0.376438,0.366324,0.257237
0.357572,0.352747,0.289681
0.362692,0.305218,0.332091
0.37409,0.39454,0.23137
0.354335,0.450724,0.194941
0.314937,0.34848,0.336583
0.255861,0.310673,0.433466
0.290133,0.368846,0.341021
0.291683,0.32742,0.380897
0.310951,0.31061,0.378439
0.334711,0.273756,0.391533
0.382967,0.361159,0.255874
0.387512,0.422785,0.189704
0.346689,0.37043,0.282881
0.330552,0.336222,0.333226
0.331382,0.32017,0.348449
0.339136,0.314383,0.346481
0.354571,0.281015,0.364414
0.364417,0.334255,0.301328
0.361236,0.332494,0.30627
0.361098,0.329414,0.309489
0.370641,0.293357,0.336002
0.375613,0.305469,0.318918
0.380219,0.407899,0.211882
0.349941,0.468222,0.181837
0.288493,0.364569,0.346938
0.306267,0.40448,0.289253
0.309613,0.428447,0.261941
0.284232,0.333031,0.382736
0.301555,0.308155,0.39029
0.321892,0.303774,0.374334
0.34272,0.273926,0.383354
0.392427,0.361918,0.245656
0.394934,0.424462,0.180603
0.362366,0.357799,0.279835
0.307649,0.311398,0.380953
0.268405,0.287577,0.444018
0.263192,0.39797,0.338838
0.247815,0.334654,0.417531
0.292235,0.362074,0.345691
0.3269,0.393159,0.279941
0.322154,0.343537,0.334309
0.361676,0.374033,0.264292
0.35864,0.323576,0.317784
0.334678,0.332561,0.332761
0.32923,0.325442,0.345329
0.366528,0.360588,0.272884
0.36356,0.320567,0.315872
0.34001,0.339346,0.320644
0.361703,0.386203,0.252094
0.348836,0.328785,0.322379
0.323548,0.304698,0.371755
0.292971,0.328279,0.37875
0.302254,0.286308,0.411438
0.309675,0.283823,0.406502
0.305501,0.32888,0.365619
0.335023,0.367788,0.297189
0.328383,0.346197,0.325421
0.34258,0.295173,0.362247
0.347577,0.296212,0.356211
0.356213,0.399886,0.243901
0.323184,0.363,0.313816
0.327346,0.30631,0.366345
0.337245,0.393819,0.268936
0.322605,0.32709,0.350305
0.297666,0.296974,0.40536
0.293397,0.402247,0.304356
0.282435,0.319339,0.398225
0.267606,0.28348,0.448914
0.263234,0.273447,0.463319
0.260226,0.312262,0.427512
0.28024,0.268764,0.450996
0.302625,0.272833,0.424542
0.314824,0.283144,0.402032
0.316948,0.292545,0.390506
0.31056,0.297824,0.391616
0.309281,0.409829,0.28089
0.284339,0.358783,0.356878
0.311893,0.390126,0.297981
0.305253,0.339791,0.354956
0.327849,0.287575,0.384575
0.359319,0.372863,0.267818
0.35015,0.326065,0.323785
0.318245,0.336972,0.344782
0.339395,0.388152,0.272453
0.332551,0.322942,0.344508
0.305802,0.328847,0.365351
0.334057,0.375797,0.290147
0.322346,0.342058,0.335596
0.337469,0.292889,0.369642
0.33686,0.328087,0.335053
0.344295,0.290238,0.365467
0.342353,0.334451,0.323197
0.36958,0.374308,0.256111
0.371646,0.424928,0.203426
0.344036,0.347042,0.308922
0.300291,0.302838,0.396872
0.264526,0.315426,0.420049
0.280729,0.276825,0.442446
0.29564,0.273917,0.430444
0.300446,0.322246,0.377308
0.33314,0.359684,0.307176
0.331376,0.344577,0.324047
0.366368,0.372388,0.261245
0.374014,0.419009,0.206977
0.351689,0.458959,0.189351
0.29678,0.350128,0.353092
0.295288,0.313746,0.390966
0.31896,0.275508,0.405531
0.335587,0.280948,0.383465
0.336514,0.329971,0.333515
0.334446,0.327915,0.337639
0.339463,0.322648,0.337889
0.353632,0.28471,0.361657
0.360716,0.337153,0.302131
0.364714,0.298747,0.336539
0.355987,0.344263,0.29975
0.347304,0.335921,0.316775
0.356073,0.293496,0.350432
0.351131,0.338366,0.310502
0.377625,0.375055,0.24732
0.353321,0.355918,0.290761
0.345236,0.334254,0.32051
0.35648,0.292085,0.351435
0.381923,0.380781,0.237296
0.370231,0.439535,0.190234
0.3331,0.352053,0.314847
0.271508,0.320532,0.407959
0.275403,0.311917,0.412681
0.2945,0.30162,0.403881
0.316495,0.300482,0.383023
0.368575,0.323075,0.30835
0.40271,0.380064,0.217226
0.397886,0.43358,0.168534
0.361066,0.360431,0.278503
0.302175,0.307333,0.390492
0.263004,0.282145,0.454851
0.247688,0.272184,0.480128
0.259735,0.37921,0.361054
0.256552,0.332947,0.410501
0.287459,0.275849,0.436692
0.312035,0.275056,0.412909
0.320379,0.326192,0.353428
0.330068,0.286088,0.383844
0.357497,0.381457,0.261046
0.34753,0.332111,0.320359
0.329269,0.426858,0.243872
0.300671,0.471905,0.227423
0.265226,0.480245,0.254529
0.236201,0.46082,0.302979
0.205954,0.295493,0.498553
0.272584,0.339445,0.38797
0.297846,0.313947,0.388207
0.326736,0.27767,0.395593
0.350766,0.322401,0.326834
0.355112,0.326083,0.318805
0.360082,0.326675,0.313243
0.370001,0.293745,0.336254
0.377183,0.306002,0.316815
0.38245,0.409026,0.208525
0.351006,0.470154,0.17884
0.302852,0.356531,0.340617
0.244199,0.284673,0.471128
0.21929,0.293474,0.487236
0.242088,0.295611,0.4623
0.27302,0.288085,0.438895
0.303875,0.250321,0.445805
0.342119,0.274734,0.383147
0.384256,0.37305,0.242694
0.380673,0.43774,0.181587
0.347279,0.361543,0.291178
0.296855,0.445439,0.257706
0.259345,0.327151,0.413504
0.238937,0.399659,0.361404
0.239717,0.427269,0.333014
0.234371,0.316209,0.44942
0.294638,0.34595,0.359411
0.320924,0.297695,0.381381
0.354672,0.379653,0.265675
0.338547,0.350446,0.311007
0.345008,0.303642,0.351351
0.358918,0.394,0.247082
0.343859,0.449391,0.20675
0.308146,0.478584,0.21327
0.250242,0.330007,0.419751
0.275031,0.27835,0.446619
0.288466,0.265699,0.445835
0.319139,0.367109,0.313752
0.310126,0.342576,0.347297
0.317161,0.323825,0.359014
0.336098,0.282076,0.381827
0.351758,0.291417,0.356824
0.351867,0.302127,0.346006
0.35256,0.412498,0.234942
0.315619,0.368388,0.315993
0.330862,0.407699,0.261439
0.307228,0.345679,0.347093
0.313459,0.319316,0.367225
0.334968,0.278059,0.386972
0.375339,0.364968,0.259693
0.366164,0.328428,0.305408
0.333381,0.34466,0.32196
0.3333,0.30183,0.36487
0.326687,0.296262,0.37705
0.308257,0.333993,0.35775
0.333467,0.37769,0.288843
0.333633,0.319008,0.34736
0.312732,0.33425,0.353018
0.322137,0.289853,0.38801
0.320207,0.32765,0.352143
0.351653,0.365097,0.283249
0.340708,0.347562,0.31173
0.340978,0.329074,0.329948
0.346766,0.320947,0.332287
0.389971,0.34866,0.261369
0.402703,0.403585,0.193712
0.378455,0.453614,0.167932
0.331073,0.355361,0.313567
0.282622,0.426495,0.290883
0.24965,0.310586,0.439764
0.230904,0.260904,0.508192
0.232652,0.287753,0.479594
0.276447,0.332848,0.390706
0.321416,0.373746,0.304838
0.347094,0.412171,0.240735
0.331501,0.353769,0.31473
0.343469,0.301923,0.354608
0.341716,0.294194,0.364091
0.330507,0.295862,0.37363
0.328825,0.408645,0.26253
0.30852,0.334269,0.357212
0.277334,0.295312,0.427354
0.260603,0.280072,0.459325
0.267652,0.386732,0.345616
0.275,0.429568,0.295432
0.276023,0.318286,0.405691
0.271318,0.278168,0.450514
0.285469,0.37867,0.335861
0.276874,0.335415,0.387711
0.293581,0.314649,0.39177
0.3429,0.339082,0.318019
0.357334,0.307744,0.334922
0.35785,0.304125,0.338025
0.357583,0.410088,0.232329
0.330428,0.467966,0.201606
0.28993,0.345369,0.364701
0.242462,0.277044,0.480494
0.224249,0.291014,0.484737
0.265074,0.34169,0.393236
0.307217,0.376385,0.316398
0.323501,0.312248,0.364251
0.326512,0.294381,0.379107
0.334632,0.398823,0.266545
0.321115,0.454121,0.224764
0.279919,0.349766,0.370315
0.286203,0.315432,0.398364
0.306147,0.304087,0.389767
0.3574,0.330055,0.312545
0.361942,0.338665,0.299393
0.371567,0.300396,0.328038
0.374065,0.306442,0.319493
0.352959,0.347327,0.299715
0.367484,0.396797,0.235718
0.349086,0.33599,0.314925
0.327772,0.424363,0.247865
0.298713,0.333697,0.367591
0.27623,0.414666,0.309104
0.264941,0.446778,0.288281
0.241201,0.324447,0.434353
0.271794,0.300352,0.427854
0.30243,0.295332,0.402238
0.328807,0.26515,0.406043
0.386198,0.352503,0.261299
0.383485,0.328962,0.287552
0.375143,0.424312,0.200545
0.335717,0.480536,0.183747
0.269852,0.35326,0.376888
0.279216,0.291246,0.429538
0.27614,0.30275,0.421111
0.291881,0.302409,0.40571
0.341124,0.327291,0.331585
0.357331,0.304045,0.338624
0.380462,0.392673,0.226865
0.350531,0.365103,0.284366
0.364563,0.406383,0.229054
0.343502,0.335413,0.321086
0.300829,0.326957,0.372215
0.309327,0.287457,0.403216
0.332847,0.377643,0.28951
0.326045,0.320761,0.353194
0.301313,0.331123,0.367564
0.3117,0.287733,0.400567
0.318564,0.286216,0.39522
0.312114,0.330895,0.356991
0.320712,0.287569,0.391719
0.328104,0.291266,0.380631
0.341185,0.39579,0.263025
0.327761,0.334559,0.33768
0.299032,0.305413,0.395555
0.287798,0.411089,0.301113
0.262995,0.345252,0.391753
0.27707,0.316015,0.406915
0.307895,0.267873,0.424232
0.330846,0.317699,0.351455
0.338902,0.318641,0.342456
0.381152,0.347665,0.271183
0.372389,0.350758,0.276853
0.397985,0.384305,0.217709
0.37839,0.338856,0.282754
0.332587,0.342345,0.325068
0.320284,0.329341,0.350375
0.356908,0.361793,0.2813
0.343862,0.343473,0.312664
0.354191,0.29752,0.348289
0.347904,0.333572,0.318524
0.343753,0.328143,0.328104
0.346575,0.322912,0.330512
0.38842,0.350499,0.261081
0.384044,0.323597,0.292359
0.366231,0.317031,0.316738
0.350273,0.423064,0.226663
0.316262,0.476062,0.207676
0.259261,0.348022,0.392718
0.266806,0.310448,0.422746
0.299369,0.266729,0.433902
0.34888,0.349025,0.302095
0.352005,0.315231,0.332765
0.357679,0.408194,0.234127
0.334202,0.340493,0.325305
0.295609,0.302159,0.402231
0.281681,0.409182,0.309137
0.256281,0.339497,0.404222
0.282395,0.282071,0.435534
0.300358,0.273695,0.425947
0.328412,0.373844,0.297743
0.333349,0.430622,0.236029
0.304314,0.356402,0.339284
0.332652,0.392265,0.275084
0.338161,0.427065,0.234774
0.324279,0.453018,0.222703
0.281002,0.334859,0.384139
0.302054,0.284566,0.413379
0.305829,0.306488,0.387682
0.344801,0.353257,0.301942
0.341729,0.340733,0.317538
0.376429,0.374026,0.249545
0.358271,0.351722,0.290007
0.362772,0.306171,0.331057
0.348428,0.335264,0.316308
0.341492,0.329001,0.329508
0.351504,0.289735,0.358761
0.379912,0.380353,0.239735
0.351676,0.361473,0.286851
0.351824,0.310699,0.337477
0.357164,0.40044,0.242396
0.32161,0.357082,0.321309
0.327638,0.302151,0.370211
0.323615,0.291775,0.384609
0.332398,0.395062,0.27254
0.322474,0.448265,0.229261
0.283544,0.351841,0.364615
0.316103,0.386939,0.296958
0.306714,0.333807,0.359479
0.328848,0.286371,0.384781
0.362702,0.37195,0.265347
0.352718,0.326588,0.320695
0.321773,0.337142,0.341086
0.324928,0.296031,0.379041
0.341155,0.389077,0.269768
0.316726,0.352567,0.330707
0.316018,0.32759,0.356392
0.358112,0.354763,0.287125
0.376626,0.402587,0.220787
0.34707,0.357594,0.295336
0.370062,0.39377,0.236167
0.339656,0.348367,0.311977
0.346617,0.30046,0.352923
0.362756,0.387741,0.249504
0.342686,0.331181,0.326133
0.303214,0.331089,0.365697
0.301033,0.321036,0.377931
0.343416,0.349897,0.306687
0.341223,0.339556,0.319221
0.345744,0.325489,0.328767
0.352855,0.321183,0.325963
0.360074,0.32145,0.318476
0.40301,0.35009,0.2469
0.412333,0.406856,0.180811
0.381146,0.354299,0.264555
0.338752,0.440758,0.22049
0.293376,0.339139,0.367485
0.238594,0.30325,0.458155
0.254685,0.301698,0.443617
0.286459,0.257414,0.456128
0.316723,0.310772,0.372504
0.33213,0.274551,0.39332
0.352523,0.291433,0.356044
0.37356,0.39483,0.23161
0.343562,0.37071,0.285728
0.3418,0.315125,0.343074
0.342151,0.404818,0.253031
0.308248,0.354495,0.337256
0.306643,0.32581,0.367547
0.318598,0.312095,0.369307
0.333668,0.309172,0.35716
0.352072,0.27673,0.371197
0.397608,0.365508,0.236885
0.375689,0.36347,0.260841
0.389447,0.403144,0.207409
0.349932,0.361448,0.28862
0.366701,0.399251,0.234048
0.345152,0.331327,0.323521
0.328636,0.41427,0.257093
0.287974,0.34325,0.368776
0.303481,0.289973,0.406546
0.329907,0.374128,0.295966
0.324979,0.317444,0.357578
0.304212,0.328256,0.367532
0.306594,0.320005,0.373401
0.325649,0.277182,0.397169
0.366084,0.365996,0.267921
0.359978,0.327262,0.312759
0.329703,0.345288,0.325009
0.347719,0.393371,0.25891
0.344353,0.435888,0.219759
0.305259,0.352497,0.342244
0.334768,0.388295,0.276937
0.317201,0.33718,0.345618
0.334628,0.290368,0.375004
0.335618,0.323066,0.341316
0.343629,0.288331,0.368039
0.371145,0.382015,0.246841
0.345055,0.360092,0.294853
0.363996,0.39883,0.237174
0.354137,0.44085,0.205013
0.308029,0.352297,0.339674
0.335131,0.390498,0.27437
0.314599,0.335939,0.349462
0.354389,0.369817,0.275794
0.340659,0.340459,0.318882
0.376076,0.374186,0.249738
0.365657,0.327316,0.307027
0.359466,0.412986,0.227548
0.327774,0.338142,0.334084
0.299166,0.423316,0.277517
0.275993,0.459665,0.264342
0.23861,0.324434,0.436957
0.274032,0.27401,0.451958
0.29272,0.301235,0.406045
0.309663,0.304494,0.385843
0.330365,0.270786,0.39885
0.354974,0.28859,0.356436
0.361654,0.303803,0.334543
0.351182,0.313138,0.33568
0.328407,0.314742,0.356851
0.293202,0.346368,0.36043
0.311291,0.392739,0.29597
0.299702,0.344957,0.355341
0.320582,0.288181,0.391237
0.351332,0.372484,0.276185
0.34489,0.324098,0.331011
0.336292,0.41642,0.247288
0.29901,0.354826,0.346165
0.298778,0.32409,0.377132
0.313149,0.310205,0.376646
0.335363,0.272836,0.391801
0.356758,0.288125,0.355117
0.361116,0.302429,0.336455
0.363984,0.411685,0.224331
0.336267,0.471147,0.192586
0.2944,0.352089,0.353511
0.252912,0.421478,0.32561
0.237819,0.444825,0.317356
0.23578,0.436373,0.327847
0.229076,0.307285,0.463639
0.294419,0.34114,0.364441
0.338678,0.381135,0.280186
0.358437,0.419501,0.222062
0.344543,0.338736,0.316721
0.329961,0.41584,0.254199
0.298249,0.32433,0.377421
0.264545,0.276418,0.459037
0.267567,0.383934,0.348499
0.271396,0.430974,0.29763
0.268413,0.314025,0.417561
0.258646,0.300986,0.440369
0.284367,0.266784,0.44885
0.327226,0.355227,0.317548
0.325392,0.342501,0.332107
0.338661,0.295434,0.365905
0.338479,0.331976,0.329545
0.344439,0.293129,0.362432
0.365677,0.387874,0.24645
0.337694,0.360989,0.301317
0.328682,0.335617,0.335702
0.342081,0.289844,0.368075
0.348167,0.293647,0.358186
0.35994,0.396631,0.243429
0.342547,0.454846,0.202606
0.303875,0.48529,0.210834
0.245386,0.334331,0.420284
0.271653,0.279517,0.44883
0.305364,0.358056,0.336581
0.311004,0.304306,0.384691
0.326441,0.392867,0.280692
0.315895,0.323612,0.360493
0.308554,0.411854,0.279593
0.290449,0.322865,0.386686
0.280136,0.406149,0.313715
0.268794,0.311319,0.419887
0.252247,0.303793,0.44396
0.277287,0.267245,0.455467
0.318848,0.354048,0.327104
0.338737,0.40938,0.251882
0.335213,0.448196,0.216591
0.298615,0.351147,0.350238
0.302445,0.317602,0.379953
0.325127,0.277894,0.396978
0.341133,0.283846,0.375021
0.343861,0.294622,0.361517
0.350762,0.405061,0.244177
0.317783,0.364815,0.317402
0.321648,0.306379,0.371973
0.307881,0.326953,0.365165
0.310618,0.318713,0.370669
0.353962,0.344005,0.302034
0.378706,0.39398,0.227314
0.353148,0.359236,0.287616
0.345597,0.333803,0.320601
0.381376,0.366534,0.25209
0.371359,0.32568,0.302961
0.348937,0.309816,0.341247
0.314333,0.335105,0.350563
0.335327,0.387479,0.277195
0.316952,0.346073,0.336975
0.351415,0.376201,0.272384
0.360549,0.417822,0.221629
0.344644,0.452519,0.202837
0.310806,0.47203,0.217164
0.25401,0.323285,0.422705
0.281297,0.276018,0.442685
0.295231,0.266307,0.438462
0.326747,0.36857,0.304683
0.334287,0.427305,0.238408
0.30716,0.353034,0.339806
0.320099,0.297078,0.382824
0.322036,0.286705,0.391259
0.335673,0.39112,0.273208
0.327105,0.446886,0.226009
0.288209,0.352534,0.359256
0.29258,0.318243,0.389177
0.310308,0.306284,0.383408
0.33326,0.270929,0.39581
0.356544,0.287292,0.356164
0.382925,0.38798,0.229095
0.367552,0.451054,0.181394
0.327852,0.358263,0.313885
0.270091,0.29692,0.432989
0.235298,0.303818,0.460884
0.258779,0.267773,0.473448
0.281356,0.264453,0.454191
0.316051,0.362517,0.321432
0.312258,0.346291,0.34145
0.319273,0.326747,0.35398
0.362421,0.351897,0.285682
0.367074,0.317192,0.315734
0.348846,0.342043,0.309111
0.340236,0.332941,0.326824
0.341358,0.323874,0.334769
0.347226,0.319404,0.33337
0.39069,0.346572,0.262738
0.377022,0.350436,0.272542
0.402345,0.383584,0.214071
0.368303,0.359416,0.272281
0.365975,0.311913,0.322111
0.368498,0.400737,0.230765
0.340227,0.337865,0.321908
0.291302,0.329634,0.379064
0.31722,0.381884,0.300896
0.317594,0.313718,0.368688
0.302479,0.324476,0.373045
0.315894,0.283154,0.400952
0.320766,0.32419,0.355044
0.354216,0.361595,0.284189
0.345046,0.347954,0.307
0.344802,0.330497,0.3247
0.383816,0.359464,0.25672
0.366674,0.350346,0.28298
0.360065,0.333943,0.305992
0.394835,0.366153,0.239012
0.381234,0.329749,0.289017
0.354357,0.314596,0.331047
0.322941,0.30612,0.370939
0.308581,0.417781,0.273638
0.287578,0.330869,0.381553
0.253068,0.317807,0.429125
0.288842,0.363007,0.348151
0.30642,0.300456,0.393124
0.308239,0.322881,0.368881
0.343556,0.361925,0.294519
0.361453,0.409371,0.229176
0.350973,0.449423,0.199603
0.318439,0.343832,0.337729
0.265514,0.30704,0.427446
0.27558,0.304994,0.419426
0.32399,0.334992,0.341017
0.341352,0.301065,0.357584
0.348026,0.298264,0.35371
0.341162,0.302045,0.356793
0.338249,0.413831,0.24792
0.31528,0.34013,0.344589
0.287688,0.428593,0.283719
0.266421,0.323052,0.410527
0.24617,0.275396,0.478434
0.256726,0.37512,0.368154
0.254527,0.32741,0.418062
0.286984,0.27387,0.439146
0.308644,0.312938,0.378418
0.32533,0.275233,0.399437
0.34354,0.287706,0.368754
0.362877,0.392834,0.244289
0.346139,0.340212,0.313649
0.300775,0.343051,0.356174
0.31857,0.394493,0.286937
0.323176,0.429483,0.247341
0.312058,0.452813,0.235129
0.274409,0.336464,0.389126
0.299728,0.283883,0.41639
0.311064,0.274847,0.414088
0.312248,0.317747,0.370004
0.343661,0.36547,0.290869
0.345842,0.318114,0.336043
0.334946,0.304186,0.360867
0.331135,0.410668,0.258197
0.311201,0.462504,0.226294
0.266826,0.347665,0.385509
0.287464,0.287849,0.424687
0.291783,0.307834,0.400383
0.305052,0.306946,0.388002
0.32264,0.306503,0.370858
0.339664,0.310388,0.349948
0.387715,0.336459,0.275826
0.410626,0.393838,0.195536
0.388873,0.350356,0.260771
0.345988,0.323119,0.330893
0.302616,0.304717,0.392668
0.272515,0.291522,0.435963
0.257589,0.282237,0.460175
0.254339,0.276347,0.469314
0.252561,0.315246,0.432193
0.274475,0.266927,0.458598
0.316701,0.351751,0.331548
0.318803,0.34316,0.338037
0.326754,0.326142,0.347104
0.369684,0.351238,0.279078
0.372678,0.318898,0.308424
0.351741,0.343732,0.304527
0.369913,0.390787,0.239299
0.360104,0.438977,0.200919
0.312961,0.356596,0.330443
0.319723,0.299532,0.380745
0.33457,0.384035,0.281395
0.310687,0.342947,0.346367
0.34355,0.380226,0.276224
0.352423,0.420745,0.226832
0.338254,0.452673,0.209074
0.304814,0.33562,0.359567
0.266355,0.276126,0.457519
0.248749,0.293502,0.457748
0.266383,0.298846,0.434771
0.294502,0.25806,0.447438
0.324974,0.315384,0.359642
0.364294,0.348255,0.287452
0.386083,0.402898,0.211019
0.357651,0.36689,0.275459
0.345425,0.338597,0.315977
0.354398,0.295948,0.349654
0.346887,0.331857,0.321256
0.374402,0.373416,0.252182
0.374628,0.424646,0.200726
0.34488,0.346817,0.308303
0.311816,0.427797,0.260387
0.266508,0.338797,0.394696
0.30219,0.379857,0.317953
0.309372,0.307375,0.383252
0.309943,0.285766,0.404291
0.324513,0.38848,0.287006
0.320142,0.442625,0.237233
0.298964,0.334451,0.366586
0.261795,0.309295,0.42891
0.282196,0.273644,0.44416
0.298395,0.27134,0.430266
0.304425,0.320159,0.375417
0.316129,0.280146,0.403725
0.329482,0.287823,0.382695
0.347133,0.392759,0.260108
0.322523,0.362636,0.314842
0.342771,0.399203,0.258026
0.321121,0.349123,0.329756
0.323579,0.323759,0.352663
0.367183,0.351688,0.281129
0.367868,0.316929,0.315203
0.37208,0.405075,0.222845
0.332255,0.360638,0.307106
0.33309,0.306892,0.360019
0.315272,0.32545,0.359278
0.324293,0.286244,0.389463
0.324436,0.326779,0.348785
0.356289,0.364739,0.278972
0.344225,0.348836,0.306939
0.353304,0.300573,0.346123
0.371787,0.389564,0.23865
0.352177,0.336777,0.311046
0.317168,0.309441,0.373391
0.280308,0.328116,0.391575
0.281968,0.319089,0.398943
0.305744,0.270273,0.423983
0.328636,0.279249,0.392115
0.357787,0.37962,0.262593
0.348257,0.332853,0.31889
0.312353,0.344821,0.342826
0.31653,0.297864,0.385606
0.331365,0.388881,0.279754
0.309528,0.350984,0.339488
0.311912,0.325801,0.362287
0.324173,0.313687,0.36214
0.34422,0.276318,0.379462
0.362968,0.291921,0.345112
0.3641,0.305542,0.330358
0.349416,0.313449,0.337135
0.324578,0.31372,0.361702
0.307075,0.427177,0.265748
0.284779,0.471872,0.24335
0.257948,0.476933,0.265119
0.237732,0.457998,0.30427
0.231947,0.433323,0.33473
0.223806,0.298118,0.478076
0.271329,0.287008,0.441663
0.307043,0.259323,0.433634
0.368186,0.344384,0.28743
0.371665,0.32084,0.307494
0.375452,0.414497,0.21005
0.334577,0.367139,0.298285
0.319231,0.335235,0.345535
0.35353,0.370356,0.276114
0.349656,0.318967,0.331377
0.326802,0.332392,0.340806
0.332227,0.292804,0.374968
0.326404,0.329137,0.344459
0.356131,0.369483,0.274387
0.35278,0.322315,0.324905
0.327582,0.3394,0.333019
0.332034,0.29619,0.371776
0.330922,0.294477,0.374602
0.322695,0.297434,0.379871
0.310034,0.298866,0.3911
0.308124,0.409639,0.282237
0.295573,0.330477,0.373951
0.264359,0.326187,0.409455
0.283355,0.279054,0.437591
0.316215,0.363789,0.319996
0.331131,0.414853,0.254015
0.325767,0.449524,0.224709
0.30324,0.336518,0.360242
0.283311,0.408917,0.307771
0.265591,0.309058,0.425352
0.265967,0.388036,0.345998
0.27104,0.426544,0.302416
0.27521,0.438559,0.286231
0.276934,0.440715,0.28235
0.276291,0.439284,0.284425
0.27446,0.436482,0.289059
0.272828,0.433377,0.293795
0.272332,0.430744,0.296923
0.273199,0.429098,0.297704
0.275029,0.428591,0.29638
0.25703,0.304536,0.438434
0.290501,0.292037,0.417462
0.317096,0.269242,0.413662
0.344205,0.2824,0.373395
0.35574,0.297199,0.347061
0.351155,0.3075,0.341345
0.327421,0.348112,0.324466
0.326089,0.303928,0.369983
0.312485,0.33564,0.351875
0.311695,0.324571,0.363734
0.329366,0.27833,0.392304
0.367595,0.366898,0.265507
0.370298,0.425264,0.204438
0.343753,0.349998,0.306249
0.28894,0.331448,0.379612
0.312865,0.385673,0.301461
0.301382,0.336899,0.361719
0.313599,0.315766,0.370634
0.329721,0.309745,0.360533
0.378799,0.336138,0.285063
0.383257,0.316734,0.300008
0.375432,0.31522,0.309348
0.364695,0.420902,0.214403
0.328202,0.477862,0.193937
0.277269,0.496195,0.226536
0.229889,0.316703,0.453408
0.203237,0.245428,0.551336
0.213391,0.237892,0.548718
0.232348,0.282173,0.48548
0.261051,0.248318,0.490631
0.295621,0.304699,0.39968
0.313769,0.266462,0.419769
0.337248,0.327186,0.335567
0.369787,0.362589,0.267624
0.380598,0.416583,0.202818
0.344923,0.367916,0.287161
0.332192,0.335748,0.33206
0.344366,0.291627,0.364007
0.347572,0.293168,0.35926
0.333496,0.335846,0.330658
0.327587,0.329665,0.342748
0.332061,0.320966,0.346972
0.347966,0.281287,0.370747
0.362358,0.295384,0.342258
0.35358,0.345564,0.300856
0.353631,0.304223,0.342146
0.36316,0.400304,0.236536
0.328876,0.364512,0.306612
0.331984,0.307442,0.360574
0.315396,0.329486,0.355118
0.325249,0.286748,0.388003
0.331711,0.289822,0.378467
0.345823,0.393597,0.26058
0.334848,0.449795,0.215357
0.292136,0.359209,0.348655
0.30485,0.297141,0.398009
0.324442,0.379575,0.295983
0.317957,0.317042,0.365001
0.317014,0.40542,0.277566
0.300972,0.324175,0.374853
0.290776,0.408989,0.300235
0.265533,0.335828,0.398639
0.305906,0.372464,0.32163
0.308409,0.331743,0.359848
0.324256,0.315097,0.360648
0.372082,0.344017,0.283901
0.368116,0.344728,0.287156
0.398586,0.37846,0.222954
0.391748,0.430517,0.177734
0.352864,0.472705,0.174431
0.296853,0.489299,0.213848
0.239101,0.313527,0.447372
0.205326,0.240926,0.553748
0.227714,0.341278,0.431008
0.255285,0.390125,0.35459
0.274212,0.300655,0.425133
0.305163,0.377477,0.31736
0.301461,0.336291,0.362248
0.321226,0.2888,0.389974
0.33259,0.286775,0.380635
0.32755,0.33084,0.34161
0.324793,0.327563,0.347644
0.36165,0.358951,0.279399
0.362429,0.319751,0.31782
0.348776,0.309669,0.341554
0.326498,0.305764,0.367738
0.314746,0.417742,0.267513
0.294425,0.465975,0.2396
0.2671,0.476193,0.256706
0.227724,0.320927,0.451349
0.259293,0.296276,0.444431
0.318417,0.321312,0.36027
0.364102,0.370265,0.265633
0.379582,0.417088,0.203331
0.362611,0.457434,0.179956
0.309881,0.351899,0.33822
0.314102,0.296384,0.389514
0.328742,0.382259,0.288999
0.305881,0.338307,0.355812
0.340353,0.378497,0.28115
0.328396,0.340883,0.330721
0.333728,0.321953,0.344319
0.343073,0.316778,0.340149
0.357862,0.28445,0.357687
0.397069,0.373282,0.229649
0.389699,0.435071,0.17523
0.338743,0.372306,0.288951
0.34633,0.414314,0.239355
0.329739,0.447444,0.222816
0.301303,0.46357,0.235127
0.25187,0.320953,0.427178
0.282896,0.274667,0.442437
0.296396,0.300054,0.40355
0.339719,0.343644,0.316637
0.343089,0.338696,0.318214
0.348681,0.327163,0.324155
0.389519,0.358088,0.252393
0.383843,0.327522,0.288635
0.378176,0.416729,0.205095
0.330759,0.365374,0.303867
0.342664,0.4091,0.248236
0.324047,0.327691,0.348262
0.298129,0.291563,0.410308
0.276197,0.314209,0.409593
0.309315,0.363523,0.327162
0.333257,0.403702,0.263041
0.318127,0.348115,0.333758
0.354101,0.379022,0.266877
0.361873,0.420936,0.217191
0.339851,0.338659,0.32149
0.29639,0.319398,0.384212
0.306562,0.284268,0.40917
0.311967,0.280827,0.407206
0.330935,0.385786,0.283279
0.321467,0.325833,0.352701
0.312118,0.417201,0.270681
0.293518,0.328249,0.378233
0.268623,0.286249,0.445128
0.27104,0.389486,0.339474
0.274618,0.432682,0.292699
0.275313,0.44561,0.279077
0.27346,0.446382,0.280157
0.264945,0.310246,0.424808
0.274106,0.377458,0.348436
0.26552,0.316742,0.417738
0.295886,0.274925,0.429189
0.314999,0.310039,0.374963
0.352783,0.354159,0.293058
0.373264,0.406748,0.219988
0.346829,0.36033,0.29284
0.339004,0.33265,0.328346
0.374518,0.367605,0.257877
0.366008,0.324296,0.309696
0.345445,0.307765,0.34679
0.313245,0.33381,0.352945
0.316844,0.293426,0.38973
0.317364,0.290049,0.392588
0.329346,0.39447,0.276184
0.305685,0.3557,0.338615
0.317972,0.297903,0.384125
0.321244,0.289759,0.388997
0.317609,0.291906,0.390485
0.302464,0.333901,0.363635
0.311087,0.288528,0.400385
0.318094,0.288709,0.393197
0.332331,0.392392,0.275277
0.309953,0.357926,0.332121
0.321299,0.299921,0.37878
0.314883,0.327617,0.3575
0.326387,0.284933,0.38868
0.354407,0.376941,0.268652
0.352709,0.433606,0.213684
0.313477,0.361514,0.325009
0.309179,0.326663,0.364158
0.351866,0.356635,0.291498
0.344168,0.339353,0.316478
0.356136,0.296116,0.347748
0.352357,0.33288,0.314763
0.347903,0.328912,0.323186
0.357528,0.291209,0.351262
0.362968,0.300534,0.336498
0.346749,0.345643,0.307608
0.34621,0.30349,0.3503
0.3562,0.398852,0.244948
0.336971,0.337678,0.325351
0.29312,0.337273,0.369607
0.317177,0.38433,0.298493
0.328218,0.419822,0.25196
0.317433,0.329163,0.353403
0.309829,0.407273,0.282898
0.292253,0.319571,0.388176
0.272194,0.280571,0.447235
0.264861,0.270731,0.464408
0.265355,0.270165,0.46448
0.269457,0.272407,0.458136
0.287675,0.380256,0.332069
0.291738,0.313271,0.394992
0.286349,0.28942,0.424231
0.281558,0.282761,0.435681
0.272288,0.32202,0.405692
0.288251,0.276402,0.435348
0.321345,0.365351,0.313304
0.315452,0.34653,0.338018
0.321159,0.326641,0.352201
0.332843,0.316869,0.350288
0.378565,0.342171,0.279264
0.398393,0.396726,0.204881
0.377174,0.345802,0.277024
0.336373,0.315901,0.347726
0.310248,0.422713,0.267039
0.283418,0.467931,0.248651
0.240694,0.332695,0.426611
0.262848,0.303037,0.434115
0.298211,0.26209,0.439699
0.326833,0.31149,0.361677
0.340468,0.278995,0.380537
0.380548,0.372395,0.247057
0.360513,0.362715,0.276772
0.349119,0.34219,0.308691
0.379557,0.37494,0.245503
0.378605,0.423797,0.197598
0.33424,0.359843,0.305917
0.353563,0.398299,0.248138
0.335714,0.326222,0.338064
0.310263,0.294042,0.395695
0.292009,0.28416,0.423831
0.297029,0.394441,0.30853
0.288849,0.31864,0.392511
0.287627,0.404423,0.307951
0.285057,0.44254,0.272403
0.262424,0.335796,0.40178
0.284442,0.308052,0.407505
0.338109,0.333971,0.327919
0.354393,0.304724,0.340883
0.353203,0.335372,0.311426
0.37822,0.381173,0.240606
0.365087,0.332886,0.302027
0.336262,0.311012,0.352726
0.319311,0.418504,0.262185
0.293592,0.33241,0.373998
0.262363,0.287393,0.450243
0.244664,0.307533,0.447803
0.260822,0.304136,0.435042
0.286567,0.296051,0.417382
0.314562,0.257297,0.428142
0.374043,0.34459,0.281367
0.369454,0.354585,0.275961
0.363817,0.341918,0.294265
0.370662,0.301701,0.327637
0.359945,0.34123,0.298825
0.381755,0.382903,0.235342
0.373011,0.434431,0.192558
0.337715,0.349574,0.312711
0.299392,0.428367,0.272241
0.268243,0.320727,0.41103
0.256303,0.396379,0.347319
0.25795,0.428569,0.313481
0.264146,0.434123,0.301731
0.272196,0.433193,0.294611
0.279319,0.432835,0.287845
0.274072,0.307456,0.418472
0.26681,0.287082,0.446108
0.312626,0.348006,0.339368
0.343149,0.396405,0.260446
0.339916,0.328126,0.331958
0.338571,0.410624,0.250805
0.303533,0.346391,0.350076
0.330372,0.391487,0.27814
0.324661,0.319098,0.356241
0.303803,0.319948,0.376249
0.315197,0.28366,0.401142
0.323395,0.284769,0.391836
0.318366,0.33042,0.351214
0.317828,0.325363,0.356809
0.33347,0.281705,0.384825
0.347865,0.292134,0.360001
0.347651,0.302646,0.349703
0.327533,0.347371,0.325096
0.329285,0.301182,0.369533
0.317542,0.336662,0.345795
0.316498,0.32553,0.357972
0.333767,0.279721,0.386512
0.370478,0.368642,0.26088
0.350847,0.357786,0.291366
0.343237,0.337405,0.319358
0.344516,0.324977,0.330507
0.350142,0.319777,0.330081
0.357148,0.319471,0.323381
0.363836,0.321599,0.314565
0.375365,0.290308,0.334328
0.38439,0.306013,0.309597
0.366872,0.352675,0.280453
0.380327,0.398553,0.221119
0.357507,0.341203,0.301291
0.308568,0.340358,0.351073
0.329497,0.388555,0.281948
0.324048,0.319367,0.356586
0.309868,0.295111,0.395021
0.297558,0.288277,0.414165
0.302503,0.396966,0.300531
0.282276,0.348001,0.369723
0.302212,0.289581,0.408207
0.313845,0.282525,0.40363
0.317017,0.287197,0.395786
0.30716,0.332865,0.359975
0.315392,0.288683,0.395925
0.315423,0.330306,0.354272
0.345836,0.365496,0.288668
0.337006,0.347606,0.315388
0.348718,0.29792,0.353362
0.350306,0.298419,0.351275
0.355427,0.402689,0.241884
0.332947,0.34002,0.327033
0.304215,0.431212,0.264573
0.264263,0.346458,0.389279
0.27422,0.315065,0.410715
0.32546,0.337606,0.336934
0.335206,0.331382,0.333412
0.377577,0.359127,0.263296
0.36664,0.349235,0.284126
0.362819,0.333833,0.303348
0.362514,0.327109,0.310377
0.364197,0.324765,0.311038
0.37382,0.292551,0.333629
0.403086,0.381999,0.214915
0.380244,0.343966,0.275791
0.328513,0.349832,0.321655
0.340809,0.402157,0.257034
0.325874,0.327677,0.346449
0.31554,0.411186,0.273274
0.30019,0.451846,0.247964
0.262903,0.336801,0.400296
0.280459,0.307252,0.412289
0.334411,0.334051,0.331538
0.370412,0.382502,0.247086
0.365292,0.331842,0.302866
0.345246,0.309198,0.345556
0.318862,0.299752,0.381386
0.308519,0.413381,0.2781
0.276583,0.350255,0.373162
0.293645,0.291117,0.415237
0.320494,0.373882,0.305624
0.3095,0.342452,0.348049
0.317113,0.322186,0.360701
0.361968,0.349012,0.28902
0.357273,0.343555,0.299172
0.389656,0.375342,0.235002
0.365624,0.354488,0.279888
0.35636,0.334333,0.309307
0.354747,0.324932,0.320321
0.394198,0.356256,0.249546
0.400415,0.410535,0.18905
0.369299,0.349796,0.280905
0.321042,0.310761,0.368198
0.276558,0.320732,0.402711
0.288016,0.282421,0.429564
0.316311,0.370654,0.313035
0.317482,0.314286,0.368232
0.301855,0.330739,0.367405
0.305585,0.3207,0.373715
0.349088,0.346185,0.304727
0.358016,0.31155,0.330435
0.345957,0.340216,0.313828
0.34907,0.299675,0.351255
0.363203,0.394011,0.242785
0.331493,0.360504,0.308003
0.323162,0.333469,0.343369
0.361211,0.362658,0.276131
0.359153,0.318839,0.322009
0.344893,0.305759,0.349347
0.316803,0.335619,0.347578
0.311333,0.327092,0.361576
0.319227,0.316193,0.36458
0.332115,0.311944,0.355941
0.350192,0.27686,0.372948
0.394821,0.365994,0.239185
0.373082,0.363444,0.263474
0.359138,0.344605,0.296257
0.35365,0.331186,0.315164
0.390401,0.360705,0.248894
0.380041,0.326445,0.293515
0.356495,0.314512,0.328993
0.318472,0.340371,0.341157
0.320072,0.297506,0.382423
0.334905,0.389678,0.275417
0.311414,0.352143,0.336444
0.34105,0.384693,0.274257
0.325747,0.344487,0.329766
0.340706,0.294418,0.364876
0.344833,0.293201,0.361966
0.355734,0.396562,0.247703
0.339007,0.454343,0.206649
0.304726,0.345696,0.349579
0.260442,0.285553,0.454006
0.256486,0.38785,0.355664
0.260486,0.428618,0.310897
0.261992,0.310202,0.427806
0.263401,0.269905,0.466693
0.266522,0.301437,0.432042
0.287436,0.266213,0.446352
0.329519,0.357049,0.313432
0.345922,0.414423,0.239655
0.336394,0.454823,0.208782
0.305887,0.477308,0.216805
0.266241,0.326708,0.407051
0.231217,0.257906,0.510876
0.229312,0.246914,0.523774
0.254932,0.353751,0.391317
0.269052,0.292598,0.43835
0.293848,0.379181,0.326971
0.298948,0.310901,0.390151
0.30742,0.398922,0.293657
0.303319,0.444707,0.251973
0.286411,0.327662,0.385927
0.255918,0.30256,0.441523
0.294359,0.358801,0.34684
0.310132,0.300313,0.389555
0.316335,0.286523,0.397143
0.309861,0.324797,0.365342
0.318336,0.286334,0.39533
0.325608,0.288936,0.385456
0.317286,0.334756,0.347959
0.341643,0.378081,0.280276
0.340428,0.322353,0.337219
0.32476,0.304271,0.37097
0.306143,0.297326,0.396532
0.282488,0.330234,0.387278
0.308784,0.375285,0.315931
0.305634,0.34008,0.354286
0.326771,0.286954,0.386275
0.339454,0.288839,0.371707
0.338919,0.296634,0.364447
0.3211,0.340748,0.338152
0.324721,0.296725,0.378554
0.340557,0.390913,0.268529
0.333963,0.443167,0.22287
0.30765,0.472537,0.219814
0.25882,0.338802,0.402378
0.273546,0.306069,0.420385
0.327818,0.334511,0.337671
0.337763,0.32951,0.332727
0.380249,0.3598,0.259951
0.392693,0.411319,0.195987
0.367557,0.348174,0.28427
0.324027,0.308746,0.367228
0.28801,0.289982,0.422008
0.2674,0.28123,0.45137
0.25945,0.276646,0.463904
0.272368,0.38364,0.343992
0.282459,0.427818,0.289723
0.286041,0.445163,0.268797
0.280471,0.32162,0.397909
0.282461,0.392162,0.325377
0.267546,0.32589,0.406564
0.289123,0.30717,0.403707
0.317355,0.268981,0.413664
0.340844,0.31949,0.339666
0.346595,0.322302,0.331103
0.358699,0.288165,0.353136
0.364374,0.339347,0.29628
0.358689,0.335556,0.305754
0.357261,0.330159,0.31258
0.394626,0.358776,0.246598
0.39912,0.413158,0.187722
0.35454,0.367326,0.278133
0.35014,0.313142,0.336717
0.323548,0.328449,0.348003
0.351513,0.374051,0.274436
0.357423,0.420013,0.222565
0.322291,0.353838,0.323872
0.320302,0.32356,0.356138
0.363693,0.354526,0.281781
0.363154,0.316805,0.320041
0.352017,0.306118,0.341866
0.347814,0.411065,0.241121
0.322777,0.465372,0.21185
0.2856,0.340341,0.374059
0.25702,0.409127,0.333854
0.24331,0.30141,0.45528
0.252665,0.376675,0.370661
0.268067,0.413523,0.318411
0.275412,0.308201,0.416387
0.29408,0.382856,0.323064
0.302078,0.427175,0.270747
0.29354,0.321178,0.385282
0.278031,0.276871,0.445098
0.287179,0.382462,0.330359
0.282165,0.308679,0.409156
0.273626,0.278628,0.447746
0.284862,0.384535,0.330603
0.274062,0.337702,0.388236
0.312775,0.37139,0.315836
0.337216,0.407492,0.255292
0.321872,0.347335,0.330793
0.356075,0.381888,0.262037
0.339305,0.343428,0.317267
0.340622,0.323896,0.335483
0.381148,0.358079,0.260774
0.365491,0.347249,0.28726
0.369559,0.305609,0.324833
0.355667,0.337197,0.307137
0.356008,0.300231,0.343761
0.370049,0.39458,0.23537
0.335773,0.361792,0.302436
0.325217,0.334368,0.340415
0.362633,0.363641,0.273726
0.373895,0.410164,0.215941
0.351991,0.340363,0.307646
0.328616,0.422571,0.248813
0.283978,0.344063,0.371959
0.288547,0.315227,0.396225
0.307024,0.304507,0.388469
0.3305,0.269491,0.400008
0.381644,0.357008,0.261349
0.376595,0.328666,0.294739
0.367282,0.423531,0.209187
0.333186,0.350014,0.316801
0.282745,0.302441,0.414814
0.253836,0.280928,0.465236
0.245075,0.271845,0.48308
0.259589,0.375831,0.36458
0.274717,0.418174,0.307109
0.281963,0.315956,0.40208
0.28145,0.281281,0.437269
0.281698,0.274653,0.443649
0.295875,0.383536,0.320589
0.294385,0.315285,0.39033
0.276702,0.322738,0.40056
0.308377,0.368106,0.323517
0.320306,0.308092,0.371602
0.312688,0.327279,0.360033
0.342947,0.370739,0.286314
0.354984,0.416812,0.228205
0.340848,0.453753,0.205399
0.307559,0.339992,0.352449
0.257392,0.301454,0.441155
0.271187,0.301701,0.427111
0.294166,0.296884,0.40895
0.317774,0.299396,0.38283
0.339041,0.269467,0.391491
0.365194,0.331963,0.302843
0.398104,0.367764,0.234132
0.378069,0.362275,0.259655
0.375756,0.316816,0.307429
0.359065,0.311466,0.329469
0.333876,0.30904,0.357084
0.307497,0.304451,0.388051
0.277915,0.334247,0.387838
0.30373,0.377742,0.318528
0.300439,0.339398,0.360164
0.323217,0.284887,0.391897
0.358313,0.369918,0.271769
0.361264,0.42644,0.212296
0.336695,0.466607,0.196698
0.297005,0.342599,0.360396
0.242445,0.29633,0.461225
0.267483,0.267946,0.464571
0.30547,0.353211,0.341319
0.306552,0.334495,0.358952
0.346425,0.366461,0.287115
0.351274,0.318591,0.330135
0.335248,0.335987,0.328765
0.330999,0.327816,0.341184
0.335946,0.320157,0.343897
0.344528,0.31731,0.338162
0.35918,0.283383,0.357436
0.367816,0.337432,0.294752
0.37089,0.300945,0.328165
0.387032,0.395887,0.217081
0.364537,0.455804,0.179658
0.320538,0.357101,0.322362
0.272562,0.43146,0.295978
0.2477,0.45671,0.295591
0.231218,0.305413,0.463369
0.223478,0.280232,0.49629
0.275791,0.329464,0.394745
0.306015,0.287273,0.406712
0.326208,0.283886,0.389906
0.332445,0.290977,0.376578
0.341605,0.402754,0.25564
0.325152,0.460758,0.21409
0.290247,0.48555,0.224202
0.237206,0.329193,0.433601
0.267316,0.276472,0.456212
0.284935,0.263311,0.451754
0.295846,0.308046,0.396108
0.331586,0.35314,0.315274
0.34184,0.310996,0.347163
0.354442,0.40109,0.244468
0.338968,0.454552,0.20648
0.30535,0.344342,0.350308
0.252612,0.307154,0.440234
0.273144,0.273416,0.45344
0.284798,0.306024,0.409178
0.299537,0.30549,0.394974
0.321979,0.267077,0.410943
0.345541,0.326256,0.328203
0.349624,0.326406,0.32397
0.361246,0.28992,0.348834
0.370625,0.303264,0.326111
0.37759,0.406791,0.215619
0.349074,0.467705,0.183221
0.304108,0.356392,0.3395
0.247639,0.286795,0.465566
0.239646,0.387146,0.373208
0.245928,0.423512,0.330559
0.242766,0.323425,0.433809
0.284899,0.271275,0.443826
0.313635,0.270383,0.415982
0.328715,0.281758,0.389527
0.327115,0.333198,0.339687
0.324456,0.329886,0.345658
0.360525,0.360568,0.278906
0.350981,0.348431,0.300588
0.349149,0.331463,0.319389
0.352264,0.323577,0.32416
0.364839,0.288261,0.3469
0.366658,0.33748,0.295862
0.392889,0.376329,0.230782
0.376593,0.335737,0.28767
0.344215,0.317504,0.338281
0.301738,0.337955,0.360307
0.306346,0.293742,0.399912
0.324974,0.383712,0.291314
0.306999,0.348466,0.344535
0.339938,0.379091,0.280971
0.351356,0.418177,0.230468
0.322219,0.351747,0.326035
0.334279,0.29845,0.367271
0.353064,0.384312,0.262624
0.326538,0.349041,0.324421
0.334608,0.299572,0.36582
0.352071,0.388012,0.259917
0.343369,0.441752,0.214879
0.313703,0.341119,0.345178
0.286639,0.417167,0.296194
0.264368,0.313093,0.422539
0.241636,0.297245,0.461119
0.269584,0.263846,0.46657
0.294227,0.265362,0.440411
0.31032,0.276705,0.412975
0.313108,0.330212,0.356679
0.314747,0.325709,0.359544
0.331512,0.280852,0.387636
0.341532,0.332012,0.326456
0.341977,0.327479,0.330544
0.347038,0.32336,0.329601
0.360746,0.286044,0.35321
0.371548,0.300581,0.327871
0.357213,0.348933,0.293854
0.355136,0.307463,0.3374
0.344655,0.30733,0.348015
0.339381,0.413815,0.246805
0.316393,0.340627,0.34298
0.27082,0.330984,0.398196
0.285623,0.284291,0.430086
0.313735,0.369027,0.317239
0.326077,0.418158,0.255765
0.30451,0.350883,0.344608
0.339072,0.382795,0.278133
0.34891,0.420605,0.230485
0.331292,0.334032,0.334675
0.315841,0.412015,0.272144
0.279153,0.335676,0.385171
0.2893,0.311541,0.399159
0.309311,0.303652,0.387036
0.329043,0.305175,0.365783
0.346146,0.31161,0.342244
0.359757,0.318897,0.321345
0.369616,0.324951,0.305433
0.412056,0.353691,0.234253
0.4184,0.411357,0.170243
0.383952,0.359294,0.256754
0.31684,0.342898,0.340262
0.302509,0.326864,0.370626
0.318876,0.281214,0.399909
0.330958,0.284635,0.384408
0.352833,0.385961,0.261206
0.328332,0.359355,0.312313
0.334639,0.304765,0.360596
0.33066,0.29657,0.372771
0.320382,0.296757,0.382861
0.306991,0.297046,0.395963
0.305648,0.407866,0.286486
0.295467,0.455288,0.249245
0.263067,0.347413,0.38952
0.278465,0.313316,0.408219
0.310142,0.268249,0.421609
0.35928,0.352077,0.288643
0.351381,0.348445,0.300174
0.35835,0.30411,0.33754
0.372848,0.395218,0.231934
0.338817,0.361553,0.299631
0.327695,0.334676,0.337629
0.330803,0.320045,0.349152
0.3745,0.347425,0.278074
0.364052,0.345225,0.290723
0.370425,0.303191,0.326385
0.359042,0.339292,0.301666
0.350494,0.332835,0.316671
0.349728,0.32599,0.324282
0.389614,0.354275,0.256111
0.398597,0.408208,0.193195
0.357295,0.365892,0.276813
0.370945,0.403986,0.225069
0.352794,0.444815,0.202391
0.317178,0.469419,0.213404
0.25815,0.326327,0.415523
0.283371,0.27764,0.438988
0.292058,0.299632,0.40831
0.335536,0.343644,0.320821
0.339125,0.337331,0.323545
0.377127,0.368676,0.254197
0.385561,0.418428,0.196011
0.359088,0.348438,0.292474
0.314946,0.306018,0.379037
0.274928,0.317397,0.407675
0.303452,0.374508,0.32204
0.299865,0.334877,0.365258
0.322204,0.284259,0.393537
0.332121,0.324201,0.343678
0.336192,0.321678,0.34213
0.377416,0.351148,0.271436
0.377044,0.321733,0.301223
0.353913,0.346898,0.299189
0.352221,0.305687,0.342091
0.342177,0.303071,0.354752
0.325269,0.303252,0.371479
0.306149,0.301349,0.392501
0.300622,0.411992,0.287386
0.274763,0.353478,0.371759
0.30751,0.382726,0.309764
0.317099,0.311332,0.371569
0.33049,0.39283,0.27668
0.3254,0.440666,0.233934
0.290399,0.34699,0.362611
0.324497,0.38493,0.290574
0.313657,0.334264,0.352079
0.333146,0.288793,0.378062
0.364347,0.37521,0.260444
0.35199,0.328034,0.319976
0.326445,0.305923,0.367632
0.294261,0.329395,0.376344
0.317912,0.38268,0.299408
0.329499,0.421031,0.24947
0.322744,0.448871,0.228385
0.285939,0.342088,0.371973
0.306863,0.287876,0.405262
0.309442,0.311018,0.37954
0.318285,0.311448,0.370267
0.33167,0.311327,0.357003
0.348772,0.278393,0.372835
0.368037,0.295951,0.336012
0.363009,0.347674,0.289316
0.361303,0.30812,0.330577
0.3675,0.405047,0.227453
0.329957,0.366803,0.30324
0.318084,0.335896,0.34602
0.355619,0.363469,0.280913
0.36881,0.408197,0.222993
0.349556,0.338025,0.312419
0.316291,0.302713,0.380997
0.283153,0.32022,0.396627
0.295095,0.281874,0.423031
0.324008,0.37173,0.304262
0.312949,0.345681,0.34137
0.328119,0.293512,0.378369
0.328518,0.328527,0.342955
0.330206,0.323093,0.346701
0.338242,0.318529,0.343229
0.353938,0.282026,0.364036
0.363126,0.336152,0.300722
0.3672,0.298879,0.333921
0.384824,0.39394,0.221236
0.349325,0.368574,0.282101
0.346133,0.314474,0.339393
0.321209,0.334013,0.344778
0.327752,0.291132,0.381116
0.322688,0.32902,0.348292
0.331819,0.286648,0.381533
0.359205,0.379301,0.261493
0.336746,0.357975,0.305278
0.359633,0.393018,0.247349
0.347576,0.330116,0.322308
0.322179,0.303635,0.374186
0.291731,0.326463,0.381806
0.292785,0.319136,0.388079
0.336454,0.344102,0.319444
0.339099,0.337737,0.323163
0.345526,0.324697,0.329777
0.353642,0.321006,0.325352
0.396934,0.349315,0.253751
0.38184,0.352579,0.265581
0.38287,0.311649,0.305481
0.371043,0.311456,0.317501
0.361715,0.416664,0.221621
0.328979,0.346599,0.324423
0.27272,0.329889,0.397391
0.298706,0.382435,0.318859
0.315287,0.413808,0.270905
0.298995,0.341598,0.359407
0.31217,0.315761,0.372069
0.335368,0.27713,0.387502
0.378471,0.364153,0.257377
0.360456,0.355783,0.283761
0.362073,0.310237,0.32769
0.368988,0.401329,0.229683
0.343187,0.339986,0.316828
0.313531,0.430001,0.256467
0.283035,0.330146,0.386819
0.263201,0.40867,0.328129
0.252643,0.306561,0.440795
0.248052,0.267673,0.484276
0.254959,0.261278,0.483764
0.265443,0.264377,0.47018
0.275548,0.270332,0.45412
0.279053,0.320115,0.400832
0.288291,0.315236,0.396473
0.33268,0.335357,0.331963
0.367724,0.383686,0.248589
0.363853,0.332874,0.303273
0.351392,0.421493,0.227115
0.307682,0.358005,0.334313
0.302104,0.325792,0.372104
0.344544,0.357093,0.298363
0.339083,0.337945,0.322972
0.343961,0.323301,0.332738
0.351521,0.319427,0.329052
0.36486,0.287285,0.347855
0.370603,0.337899,0.291498
0.397258,0.377097,0.225645
0.380154,0.337617,0.282229
0.346474,0.319102,0.334425
0.302371,0.338666,0.358963
0.306247,0.294409,0.399344
0.299555,0.324791,0.375654
0.333433,0.35951,0.307056
0.329318,0.341959,0.328723
0.366233,0.368585,0.265182
0.375758,0.415291,0.208951
0.355395,0.455835,0.18877
0.301457,0.351307,0.347235
0.327164,0.393065,0.27977
0.329665,0.42611,0.244226
0.298631,0.336038,0.365331
0.339224,0.374376,0.2864
0.336997,0.315566,0.347437
0.32741,0.293941,0.378649
0.309832,0.323315,0.366852
0.316779,0.28726,0.395962
0.34226,0.381383,0.276357
0.341978,0.435803,0.222219
0.318837,0.341705,0.339458
0.294171,0.420671,0.285158
0.259418,0.334724,0.405858
0.299399,0.373414,0.327187
0.301859,0.328998,0.369143
0.319937,0.312516,0.367547
0.341674,0.277733,0.380593
0.358292,0.328984,0.312724
0.358545,0.329608,0.311846
0.367326,0.294589,0.338085
0.372219,0.305437,0.322343
0.376006,0.409334,0.21466
0.346854,0.350404,0.302742
0.306006,0.442616,0.251378
0.272577,0.333857,0.393566
0.23137,0.304807,0.463823
0.259354,0.267318,0.473328
0.279186,0.303339,0.417474
0.297295,0.302444,0.400262
0.31869,0.303625,0.377684
0.368953,0.326096,0.304951
0.401449,0.383077,0.215474
0.394307,0.436902,0.168791
0.351749,0.481567,0.166684
0.280407,0.349662,0.369932
0.301746,0.396746,0.301508
0.295606,0.309055,0.395338
0.283095,0.304778,0.412128
0.323947,0.354887,0.321167
0.34934,0.400883,0.249777
0.350259,0.438737,0.211003
0.31384,0.350802,0.335358
0.314424,0.318789,0.366788
0.358659,0.354234,0.287107
0.376944,0.403323,0.219734
0.365295,0.445633,0.189072
0.328147,0.345691,0.326162
0.271519,0.307044,0.421437
0.279213,0.305252,0.415536
0.326953,0.337093,0.335954
0.334814,0.332474,0.332711
0.344348,0.322205,0.333448
0.354176,0.320824,0.325001
0.367461,0.289025,0.343514
0.403641,0.37796,0.2184
0.374191,0.367734,0.258075
0.355984,0.345458,0.298558
0.382985,0.379685,0.23733
0.376857,0.428033,0.19511
0.328853,0.358265,0.312881
0.319216,0.324736,0.356048
0.360695,0.357439,0.281866
0.375236,0.405033,0.219731
0.342936,0.354401,0.302663
0.337057,0.327324,0.335619
0.376452,0.361177,0.262371
0.36925,0.322528,0.308221
0.3515,0.308702,0.339799
0.327602,0.303403,0.368995
0.297122,0.33404,0.368838
0.294661,0.324586,0.380753
0.314512,0.275946,0.409542
0.32791,0.324644,0.347447
0.363444,0.356577,0.279979
0.364682,0.32063,0.314688
0.342461,0.345369,0.31217
0.362064,0.389749,0.248187
0.348789,0.330911,0.320299
0.33395,0.418861,0.247188
0.306568,0.333805,0.359627
0.272438,0.28943,0.438131
0.257172,0.274346,0.468481
0.268077,0.380926,0.350997
0.261953,0.334651,0.403396
0.282712,0.311822,0.405466
0.312781,0.266571,0.420648
0.341133,0.279996,0.378872
0.352303,0.295387,0.352309
0.361755,0.404792,0.233453
0.339197,0.465467,0.195336
0.300665,0.352513,0.346822
0.240348,0.309382,0.45027
0.253935,0.305025,0.44104
0.286082,0.258822,0.455096
0.314895,0.309894,0.375211
0.3275,0.312115,0.360384
0.372749,0.338912,0.288338
0.370904,0.348009,0.281087
0.376855,0.306843,0.316301
0.372195,0.310164,0.317642
0.344593,0.348009,0.307398
0.358722,0.397264,0.244014
0.348504,0.442494,0.209002
0.317307,0.471672,0.211021
0.277824,0.476743,0.245432
0.225613,0.310449,0.463938
0.280653,0.355658,0.363689
0.293029,0.316494,0.390477
0.318088,0.306039,0.375873
0.340451,0.276472,0.383077
0.362264,0.329183,0.308553
0.394499,0.369451,0.236049
0.374766,0.359958,0.265276
0.392522,0.3975,0.209978
0.367225,0.341356,0.291418
0.338914,0.427951,0.233135
0.303269,0.471077,0.225654
0.262923,0.328241,0.408836
0.243798,0.391999,0.364202
0.238764,0.292352,0.468885
0.244494,0.258914,0.496592
0.255953,0.294591,0.449456
0.297397,0.338612,0.363991
0.336875,0.384017,0.279107
0.342868,0.324404,0.332727
0.346178,0.409926,0.243896
0.323926,0.335031,0.341043
0.280992,0.322212,0.396796
0.292806,0.283576,0.423618
0.318861,0.373166,0.307973
0.317658,0.315445,0.366898
0.319728,0.405691,0.274581
0.308611,0.451705,0.239684
0.28563,0.33155,0.38282
0.250111,0.302088,0.447801
0.289912,0.357137,0.352951
0.307241,0.298543,0.394217
0.333086,0.38251,0.284404
0.317827,0.346642,0.335531
0.330582,0.296666,0.372752
0.333461,0.291463,0.375076
0.326791,0.294698,0.378511
0.313974,0.297313,0.388713
0.31118,0.410518,0.278302
0.283766,0.356064,0.360169
0.299573,0.294391,0.406036
0.323601,0.377449,0.298949
0.321341,0.317784,0.360874
0.320416,0.407356,0.272229
0.307386,0.452935,0.239679
0.283619,0.331207,0.385174
0.247921,0.300782,0.451297
0.273562,0.268023,0.458415
0.290722,0.305312,0.403966
0.305455,0.306349,0.388197
0.352706,0.332005,0.315289
0.365991,0.309308,0.324701
0.382362,0.39947,0.218168
0.347834,0.367558,0.284608
0.358984,0.410079,0.230937
0.342356,0.449185,0.208458
0.308543,0.471229,0.220228
0.270396,0.469482,0.260122
0.234608,0.302227,0.463165
0.220807,0.243657,0.535536
0.249196,0.343372,0.407432
0.275677,0.396301,0.328022
0.297085,0.422694,0.280221
0.290858,0.335479,0.373663
0.336756,0.370756,0.292488
0.341841,0.315815,0.342343
0.335374,0.296589,0.368038
0.316563,0.32661,0.356827
0.339708,0.382534,0.277758
0.324456,0.346525,0.329019
0.336312,0.296273,0.367415
0.339065,0.293496,0.367439
0.332073,0.297599,0.370328
0.311751,0.338127,0.350122
0.3076,0.328821,0.363579
0.31637,0.316848,0.366782
0.336307,0.274702,0.388991
0.35611,0.290213,0.353677
0.377591,0.391255,0.231154
0.360694,0.453092,0.186214
0.307933,0.369773,0.322295
0.309766,0.30571,0.384524
0.318622,0.388869,0.292509
0.296216,0.340482,0.363302
0.304734,0.317781,0.377485
0.32766,0.275912,0.396428
0.370761,0.362874,0.266365
0.354957,0.354465,0.290578
0.358604,0.307977,0.333419
0.350873,0.30417,0.344957
0.333572,0.30462,0.361809
0.304675,0.339626,0.355698
0.299882,0.328451,0.371667
0.309888,0.314743,0.375368
0.325302,0.309118,0.365581
0.341096,0.310665,0.348238
0.354845,0.315692,0.329463
0.369509,0.285086,0.345405
0.409058,0.374399,0.216543
0.380357,0.369496,0.250147
0.360826,0.348339,0.290835
0.385568,0.382736,0.231696
0.353683,0.353659,0.292659
0.376842,0.388344,0.234814
0.367089,0.433211,0.199701
0.318688,0.352849,0.328463
0.325423,0.29831,0.376267
0.3416,0.383158,0.275242
0.336777,0.434946,0.228277
0.31471,0.463508,0.221782
0.28374,0.469795,0.246465
0.236024,0.31222,0.451756
0.289755,0.357794,0.352451
0.32234,0.393409,0.284251
0.337894,0.424204,0.237902
0.315844,0.341904,0.342253
0.323718,0.316057,0.360224
0.368469,0.353977,0.277555
0.359887,0.343102,0.297011
0.366436,0.303219,0.330345
0.358495,0.336674,0.304831
0.350968,0.331907,0.317126
0.385188,0.366023,0.248789
0.38867,0.418236,0.193093
0.345326,0.364048,0.290626
0.343826,0.309261,0.346913
0.330164,0.295586,0.37425
0.332651,0.399715,0.267634
0.313584,0.329784,0.356631
0.277749,0.325613,0.396638
0.292498,0.282245,0.425258
0.304235,0.278704,0.417061
0.327394,0.380577,0.292029
0.311791,0.35233,0.335879
0.314621,0.3284,0.356979
0.326251,0.316159,0.35759
0.345711,0.277959,0.37633
0.358656,0.331826,0.309518
0.389244,0.368636,0.242121
0.389389,0.423813,0.186798
0.343998,0.36851,0.287492
0.327921,0.333807,0.338272
0.329914,0.318047,0.352039
0.346257,0.280915,0.372829
0.353687,0.329416,0.316897
0.385185,0.367176,0.247639
0.364207,0.355894,0.279899
0.354974,0.336922,0.308104
0.388776,0.368196,0.243029
0.376033,0.328706,0.29526
0.350299,0.313048,0.336653
0.312589,0.337194,0.350217
0.333152,0.38836,0.278488
0.336751,0.428342,0.234907
0.304507,0.350011,0.345482
0.320394,0.293972,0.385634
0.317522,0.318982,0.363496
0.329508,0.282291,0.388201
0.361477,0.374748,0.263775
0.360243,0.432946,0.206812
0.3197,0.362904,0.317396
0.324567,0.304107,0.371326
0.318009,0.28912,0.392872
0.326566,0.393022,0.280412
0.318129,0.446134,0.235737
0.281519,0.348956,0.369524
0.300628,0.290365,0.409006
0.302705,0.312963,0.384332
0.340718,0.353802,0.305479
0.362788,0.402515,0.234697
0.350482,0.336431,0.313087
0.334643,0.42082,0.244537
0.307095,0.464992,0.227913
0.257807,0.335598,0.406595
0.281945,0.281745,0.43631
0.290293,0.302787,0.40692
0.309558,0.269833,0.420609
0.327279,0.319944,0.352776
0.33311,0.320306,0.346584
0.347514,0.283248,0.369238
0.357321,0.336602,0.306077
0.361795,0.298086,0.340119
0.361771,0.306546,0.331683
0.347553,0.312162,0.340285
0.324208,0.312237,0.363555
0.29923,0.306693,0.394077
0.270704,0.335857,0.393439
0.29666,0.37618,0.32716
0.296615,0.338025,0.36536
0.32127,0.282956,0.395774
0.357987,0.367623,0.27439
0.342505,0.352366,0.30513
0.339651,0.332965,0.327384
0.376876,0.363645,0.259479
0.384291,0.413936,0.201773
0.345215,0.360645,0.29414
0.346,0.307815,0.346186
0.333615,0.295255,0.371129
0.335764,0.400135,0.264101
0.303531,0.352752,0.343717
0.330453,0.390814,0.278732
0.31503,0.341543,0.343427
0.353377,0.37173,0.274894
0.351328,0.319736,0.328936
0.353936,0.40489,0.241173
0.333465,0.455563,0.210972
0.297156,0.338536,0.364307
0.269455,0.409225,0.32132
0.251426,0.303903,0.44467
0.237639,0.291595,0.470766
0.262959,0.294614,0.442427
0.293879,0.255426,0.450696
0.327851,0.271956,0.400193
0.346068,0.290111,0.36382
0.347778,0.303854,0.348368
0.328288,0.349773,0.321939
0.318578,0.338624,0.342799
0.322085,0.323912,0.354004
0.364807,0.345599,0.289595
0.358477,0.344563,0.29696
0.389861,0.374191,0.235948
0.364787,0.354936,0.280277
0.386816,0.390171,0.223013
0.365136,0.335607,0.299257
0.343552,0.42151,0.234938
0.308627,0.335026,0.356348
0.269099,0.286961,0.44394
0.252789,0.271336,0.475875
0.265385,0.378168,0.356447
0.270687,0.304163,0.425149
0.273396,0.278994,0.44761
0.277682,0.274881,0.447437
0.295145,0.381809,0.323046
0.286019,0.345177,0.368804
0.321478,0.37579,0.302731
0.320132,0.340486,0.339381
0.359221,0.369045,0.271733
0.371115,0.414526,0.214359
0.35021,0.341034,0.308756
0.312799,0.300829,0.386372
0.277714,0.315647,0.406639
0.290043,0.280078,0.429879
0.319405,0.370148,0.310447
0.310113,0.343865,0.346023
0.326107,0.292158,0.381735
0.334327,0.290809,0.374864
0.325485,0.334576,0.339939
0.330817,0.293012,0.376171
0.350908,0.387752,0.261341
0.326618,0.358212,0.31517
0.322177,0.332621,0.345202
0.329238,0.318618,0.352144
0.374507,0.343589,0.281904
0.366504,0.345166,0.288331
0.373118,0.303658,0.323224
0.361429,0.340406,0.298166
0.352161,0.333868,0.313971
0.359825,0.29442,0.345755
0.382737,0.385442,0.23182
0.350387,0.363109,0.286503
0.337222,0.338046,0.324732
0.347887,0.29286,0.359253
0.343061,0.331653,0.325286
0.34881,0.292423,0.358767
0.343597,0.336562,0.319841
0.370535,0.37492,0.254545
0.348979,0.354479,0.296542
0.34292,0.333027,0.324053
0.355055,0.290966,0.353978
0.360045,0.297833,0.342122
0.36914,0.40053,0.230331
0.344766,0.343458,0.311776
0.293912,0.339384,0.366703
0.289745,0.324385,0.385871
0.311456,0.275347,0.413197
0.352046,0.360855,0.287099
0.340215,0.350168,0.309618
0.349028,0.301557,0.349415
0.347835,0.300171,0.351994
0.335773,0.30302,0.361207
0.33021,0.414142,0.255648
0.309023,0.466145,0.224832
0.278868,0.339114,0.382018
0.235989,0.302473,0.461537
0.276647,0.355084,0.368269
0.289706,0.32302,0.387275
0.318485,0.276078,0.405437
0.338009,0.321829,0.340162
0.343616,0.322358,0.334026
0.3513,0.322084,0.326616
0.393167,0.351127,0.255706
0.388942,0.326087,0.284972
0.369686,0.319616,0.310698
0.33848,0.314874,0.346646
0.316634,0.427628,0.255738
0.276102,0.357501,0.366397
0.2906,0.29471,0.41469
0.297445,0.279663,0.422892
0.301159,0.281068,0.417772
0.295759,0.326388,0.377853
0.307677,0.282196,0.410127
0.337771,0.374228,0.288001
0.342934,0.428475,0.228591
0.311303,0.360079,0.328618
0.310644,0.326749,0.362607
0.331316,0.28199,0.386695
0.366852,0.368653,0.264495
0.3574,0.326946,0.315654
0.345456,0.42062,0.233924
0.303194,0.357764,0.339042
0.310442,0.299942,0.389617
0.301363,0.31879,0.379846
0.33623,0.360116,0.303654
0.331139,0.34068,0.328181
0.345318,0.293649,0.361033
0.351337,0.296166,0.352498
0.344321,0.302382,0.353297
0.341457,0.413297,0.245246
0.31806,0.467932,0.214007
0.268976,0.353573,0.37745
0.286389,0.290902,0.422709
0.28772,0.308289,0.403991
0.328286,0.34742,0.324294
0.331608,0.336217,0.332175
0.347357,0.291622,0.361021
0.356256,0.29671,0.347034
0.350113,0.304215,0.345673
0.345831,0.415583,0.238586
0.307659,0.365975,0.326365
0.300404,0.332357,0.367239
0.320772,0.282056,0.397172
0.355981,0.367377,0.276642
0.360283,0.423777,0.215941
0.32417,0.360771,0.315059
0.330406,0.303962,0.365633
0.324291,0.29098,0.38473
0.314501,0.290462,0.395037
0.297157,0.32946,0.373383
0.297994,0.322207,0.379799
0.310896,0.312065,0.377039
0.358999,0.33213,0.308871
0.361396,0.341719,0.296886
0.362848,0.331706,0.305445
0.365363,0.327597,0.30704
0.404342,0.357306,0.238352
0.382432,0.355455,0.262112
0.402331,0.390919,0.206749
0.375731,0.341289,0.28298
0.346407,0.42854,0.225052
0.307983,0.47303,0.218987
0.265779,0.479184,0.255037
0.228822,0.306163,0.465016
0.228433,0.364505,0.407062
0.246574,0.399081,0.354345
0.270489,0.412615,0.316896
0.274282,0.321939,0.403779
0.329943,0.356589,0.313468
0.33718,0.333815,0.329005
0.377583,0.369238,0.253179
0.364771,0.349207,0.286022
0.391171,0.387173,0.221656
0.361251,0.354316,0.284433
0.360746,0.308564,0.33069
0.34846,0.30099,0.35055
0.323495,0.334196,0.342309
0.317053,0.327266,0.355681
0.323177,0.317569,0.359255
0.340718,0.277715,0.381567
0.358315,0.292699,0.348986
0.378634,0.393525,0.227842
0.360595,0.454788,0.184617
0.320799,0.357321,0.32188
0.255332,0.318045,0.426623
0.285503,0.375806,0.33869
0.307648,0.406091,0.286261
0.317809,0.42993,0.252262
0.307866,0.326355,0.365779
0.282789,0.308676,0.408535
0.320226,0.363112,0.316662
0.341358,0.406782,0.25186
0.322475,0.346892,0.330633
0.356223,0.382698,0.261079
0.3486,0.323939,0.327461
0.329846,0.299539,0.370615
0.309559,0.291869,0.398572
0.286998,0.324747,0.388255
0.297231,0.2838,0.418969
0.301528,0.32221,0.376262
0.308838,0.316068,0.375094
0.353473,0.338911,0.307616
0.38181,0.390237,0.227953
0.369937,0.339234,0.290828
0.330191,0.342889,0.32692
0.32026,0.329689,0.350051
0.325116,0.317875,0.357009
0.335739,0.31321,0.35105
0.352647,0.278955,0.368398
0.369794,0.296089,0.334117
0.387452,0.396996,0.215552
0.351102,0.372673,0.276225
0.333039,0.34374,0.323221
0.331428,0.325055,0.343517
0.33805,0.316387,0.345564
0.354133,0.280501,0.365367
0.363013,0.334088,0.302899
0.359933,0.33182,0.308247
0.368162,0.294873,0.336965
0.392647,0.386271,0.221082
0.370746,0.343292,0.285963
0.319684,0.348327,0.331989
0.334366,0.399063,0.266572
0.323436,0.324921,0.351644
0.316933,0.40835,0.274717
0.303525,0.449994,0.246481
0.280685,0.327428,0.391888
0.256975,0.27388,0.469146
0.252838,0.262321,0.484842
0.258267,0.263001,0.478731
0.267023,0.267263,0.465714
0.289671,0.374686,0.335643
0.285615,0.34366,0.370725
0.298637,0.320901,0.380462
0.345866,0.342258,0.311875
0.350167,0.339786,0.310047
0.385825,0.369598,0.244577
0.367081,0.353415,0.279504
0.389972,0.389569,0.220459
0.368621,0.336743,0.294636
0.323537,0.334892,0.341571
0.314972,0.324302,0.360727
0.329844,0.282253,0.387903
0.335426,0.32608,0.338494
0.336863,0.322909,0.340227
0.350211,0.284732,0.365057
0.362288,0.297814,0.339898
0.375738,0.40015,0.224112
0.353302,0.460617,0.186081
0.311834,0.355807,0.332359
0.247327,0.313332,0.439341
0.267196,0.276138,0.456666
0.299908,0.358764,0.341329
0.308484,0.304774,0.386742
0.302669,0.325997,0.371334
0.335038,0.36783,0.297131
0.351874,0.412636,0.23549
0.326999,0.354638,0.318362
0.326706,0.326295,0.346998
0.343371,0.28583,0.370799
0.347416,0.327544,0.32504
0.346272,0.325771,0.327958
0.3501,0.323075,0.326824
0.391474,0.351693,0.256833
0.386307,0.325241,0.288452
0.367139,0.3183,0.31456
0.328761,0.346384,0.324856
0.327134,0.302773,0.370094
0.311799,0.33218,0.356021
0.311895,0.322157,0.365948
0.322368,0.31359,0.364041
0.336112,0.311567,0.352321
0.353917,0.277394,0.368689
0.398379,0.366633,0.234989
0.394838,0.4293,0.175862
0.353687,0.47992,0.166392
0.283783,0.357569,0.358648
0.276264,0.314131,0.409606
0.295364,0.301232,0.403404
0.316944,0.299488,0.383567
0.336617,0.30541,0.357973
0.386805,0.332076,0.281119
0.391659,0.319086,0.289254
0.384856,0.320235,0.294908
0.35189,0.353943,0.294168
0.361011,0.406024,0.232965
0.344408,0.450508,0.205084
0.294924,0.353656,0.35142
0.306789,0.294612,0.398599
0.308111,0.280541,0.411347
0.326037,0.382331,0.291632
0.306609,0.347644,0.345747
0.320663,0.294461,0.384876
0.34512,0.381603,0.273277
0.324995,0.351175,0.32383
0.324563,0.328485,0.346952
0.36543,0.357414,0.277156
0.365162,0.318966,0.315871
0.351955,0.308227,0.339818
0.330004,0.30464,0.365355
0.299018,0.33635,0.364632
0.305126,0.291894,0.40298
0.325779,0.382837,0.291384
0.321045,0.322051,0.356904
0.29619,0.332746,0.371064
0.324475,0.375828,0.299697
0.316774,0.341652,0.341574
0.324924,0.321371,0.353705
0.370252,0.347587,0.282161
0.389716,0.399284,0.211
0.369993,0.343114,0.286893
0.332465,0.311611,0.355924
0.297848,0.295578,0.406573
0.274966,0.286524,0.43851
0.263714,0.280719,0.455567
0.273236,0.388038,0.338725
0.280699,0.431436,0.287865
0.267424,0.341517,0.391058
0.313045,0.367522,0.319434
0.327734,0.30778,0.364486
0.34612,0.390667,0.263213
0.332529,0.327641,0.33983
0.306128,0.297138,0.396734
0.278763,0.319517,0.40172
0.283318,0.315491,0.401191
0.32763,0.340808,0.331562
0.361051,0.38666,0.252288
0.34626,0.353734,0.300007
0.344943,0.331094,0.323963
0.357544,0.291991,0.350465
0.356156,0.333206,0.310638
0.359257,0.297233,0.34351
0.35031,0.3395,0.31019
0.343022,0.332593,0.324385
0.343955,0.324939,0.331106
0.34923,0.320756,0.330014
0.392594,0.346601,0.260805
0.378101,0.351353,0.270545
0.380426,0.309492,0.310082
0.370514,0.310708,0.318778
0.340114,0.346361,0.313525
0.327468,0.335591,0.336941
0.328761,0.322706,0.348534
0.344872,0.280993,0.374135
0.358554,0.293763,0.347683
0.350146,0.343743,0.306112
0.341818,0.336422,0.321759
0.351519,0.292738,0.355743
0.355666,0.29992,0.344415
0.346749,0.306919,0.346332
0.340814,0.416785,0.242401
0.316024,0.469973,0.214003
0.281819,0.343889,0.374292
0.252805,0.41204,0.335156
0.229783,0.320151,0.450066
0.260258,0.299624,0.440117
0.293001,0.292727,0.414272
0.321156,0.297664,0.38118
0.343283,0.270114,0.386603
0.370847,0.332853,0.2963
0.402844,0.36988,0.227275
0.390934,0.338443,0.270623
0.360075,0.324829,0.315097
0.331178,0.433371,0.235451
0.282571,0.359858,0.357571
0.280167,0.323664,0.396169
0.326957,0.347615,0.325429
0.357451,0.38953,0.253018
0.361414,0.429786,0.2088
0.339603,0.461885,0.198513
0.301383,0.476029,0.222588
0.242524,0.315508,0.441968
0.273553,0.271803,0.454644
0.31213,0.353761,0.334109
0.310419,0.330631,0.35895
0.328368,0.28809,0.383543
0.362701,0.376708,0.260592
0.361813,0.434599,0.203588
0.333135,0.472899,0.193966
0.275701,0.344101,0.380197
0.289703,0.287398,0.422899
0.294351,0.272064,0.433586
0.317798,0.374854,0.307348
0.304159,0.343352,0.352489
0.319647,0.292111,0.388242
0.347123,0.379882,0.272995
0.338712,0.326087,0.335201
0.329132,0.417782,0.253086
0.292954,0.352354,0.354692
0.320143,0.391624,0.288232
0.307623,0.337694,0.354684
0.318745,0.316391,0.364865
0.366092,0.344769,0.28914
0.38854,0.396596,0.214864
0.359997,0.359758,0.280245
0.379482,0.39768,0.222837
0.344491,0.351441,0.304068
0.368629,0.389832,0.241538
0.350336,0.328461,0.321203
0.338939,0.411973,0.249088
0.297943,0.345587,0.35647
0.327462,0.38719,0.285348
0.312612,0.336839,0.350549
0.330966,0.289244,0.37979
0.3399,0.288955,0.371146
0.332909,0.332651,0.33444
0.358162,0.378988,0.26285
0.351108,0.327,0.321893
0.321443,0.339101,0.339455
0.326039,0.295336,0.378625
0.343675,0.387265,0.26906
0.319526,0.353329,0.327145
0.346549,0.388142,0.26531
0.340232,0.324063,0.335704
0.321949,0.299878,0.378173
0.296735,0.326125,0.377139
0.297768,0.319665,0.382567
0.311099,0.310387,0.378514
0.359642,0.332114,0.308244
0.361871,0.341496,0.296633
0.395921,0.371094,0.232985
0.384007,0.333924,0.282068
0.36781,0.423485,0.208705
0.316989,0.362143,0.320868
0.305306,0.328056,0.366638
0.346094,0.359827,0.294079
0.36411,0.403996,0.231894
0.348576,0.334893,0.316531
0.32005,0.30161,0.37834
0.311372,0.406424,0.282204
0.295837,0.454683,0.249481
0.272306,0.326551,0.401143
0.24212,0.296921,0.460959
0.270359,0.264689,0.464952
0.313264,0.349851,0.336885
0.315746,0.337268,0.346986
0.325845,0.322618,0.351537
0.338566,0.31723,0.344204
0.383966,0.344686,0.271348
0.384918,0.321312,0.293771
0.363719,0.348531,0.28775
0.359922,0.308955,0.331122
0.363258,0.40413,0.232612
0.324772,0.36165,0.313578
0.315332,0.331845,0.352823
0.322088,0.316209,0.361703
0.341145,0.277189,0.381666
0.382983,0.365093,0.251925
0.362477,0.35843,0.279093
0.352332,0.339647,0.308021
0.350413,0.327794,0.321793
0.3618,0.289923,0.348278
0.367931,0.300178,0.331891
0.35173,0.345692,0.302577
0.35053,0.304511,0.344959
0.359325,0.400095,0.240579
0.341639,0.454176,0.204184
0.306548,0.347186,0.346266
0.272664,0.420754,0.306582
0.256456,0.448703,0.294841
0.248352,0.445133,0.306515
0.24344,0.300984,0.455576
0.243224,0.281859,0.474917
0.276714,0.256693,0.466593
0.327324,0.344727,0.327949
0.330943,0.339556,0.329501
0.343763,0.295815,0.360422
0.350049,0.297563,0.352388
0.336295,0.3401,0.323606
0.337137,0.299522,0.36334
0.333348,0.299044,0.367608
0.314425,0.339188,0.346387
0.319761,0.293457,0.386781
0.314678,0.331818,0.353504
0.34479,0.366396,0.288814
0.334904,0.346998,0.318098
0.347256,0.296933,0.355812
0.349716,0.297722,0.352563
0.356171,0.401507,0.242322
0.321759,0.363007,0.315235
0.326044,0.306049,0.367907
0.336321,0.393193,0.270486
0.30989,0.349705,0.340405
0.311583,0.324345,0.364072
0.355711,0.351202,0.293086
0.35014,0.341258,0.308602
0.361019,0.298048,0.340933
0.383373,0.386738,0.229889
0.351012,0.36145,0.287537
0.366676,0.402328,0.230996
0.34575,0.334112,0.320138
0.303908,0.327893,0.368199
0.30242,0.318379,0.3792
0.345656,0.347558,0.306786
0.343171,0.338964,0.317865
0.380175,0.367994,0.251831
0.38603,0.41769,0.196279
0.358072,0.347648,0.29428
0.304042,0.328936,0.367022
0.299683,0.318724,0.381593
0.311014,0.309152,0.379834
0.326854,0.307112,0.366034
0.376369,0.332002,0.29163
0.374898,0.345729,0.279373
0.372645,0.336448,0.290907
0.379687,0.300884,0.319429
0.371332,0.343399,0.285269
0.360675,0.337202,0.302123
0.366214,0.298007,0.335779
0.385533,0.389256,0.225211
0.367504,0.447921,0.184574
0.312035,0.365692,0.322274
0.328063,0.405137,0.266799
0.301905,0.337319,0.360776
0.32175,0.287486,0.390764
0.352481,0.371845,0.275674
0.333466,0.347716,0.318818
0.362401,0.384856,0.252744
0.352357,0.327655,0.319987
0.330058,0.303835,0.366107
0.322247,0.409395,0.268358
0.288229,0.350153,0.361619
0.317639,0.388277,0.294085
0.319248,0.315165,0.365586
0.311762,0.291059,0.39718
0.318883,0.39453,0.286588
0.306222,0.323669,0.370109
0.285316,0.291359,0.423326
0.272827,0.280516,0.446658
0.26791,0.277118,0.454972
0.26791,0.276408,0.455682
0.270572,0.277056,0.452372
0.268603,0.321495,0.409902
0.286217,0.27331,0.440474
0.306139,0.276956,0.416906
0.310316,0.329256,0.360428
0.339007,0.366115,0.294878
0.332937,0.348172,0.318891
0.364592,0.377129,0.258279
0.347259,0.350251,0.302489
0.344811,0.32966,0.325529
0.348788,0.320955,0.330257
0.362307,0.286632,0.351061
0.371668,0.29912,0.329212
0.357507,0.345928,0.296564
0.345564,0.338884,0.315552
0.352986,0.295555,0.351459
0.354092,0.300676,0.345233
0.343429,0.306358,0.350213
0.337542,0.416189,0.246269
0.314471,0.341812,0.343716
0.268553,0.331124,0.400322
0.283667,0.284048,0.432285
0.312049,0.36843,0.319522
0.315777,0.31204,0.372182
0.32248,0.40142,0.2761
0.314195,0.448268,0.237537
0.292606,0.333807,0.373587
0.275521,0.407049,0.317429
0.267359,0.44061,0.292031
0.261823,0.445135,0.293043
0.242789,0.314252,0.442959
0.284223,0.270669,0.445108
0.308867,0.267542,0.423591
0.322461,0.277974,0.399564
0.343394,0.388999,0.267607
0.330797,0.331859,0.337343
0.312828,0.426025,0.261147
0.28848,0.331164,0.380356
0.268402,0.412889,0.31871
0.244608,0.329602,0.42579
0.276426,0.276203,0.447371
0.294667,0.306756,0.398577
0.314012,0.270069,0.415919
0.335403,0.282324,0.382273
0.341794,0.295432,0.362774
0.334597,0.304245,0.361158
0.310552,0.345685,0.343763
0.304037,0.333497,0.362466
0.341105,0.35773,0.301165
0.362043,0.4016,0.236357
0.354931,0.442176,0.202893
0.324431,0.471152,0.204417
0.28263,0.333957,0.383413
0.241843,0.265439,0.492718
0.234752,0.251981,0.513266
0.240309,0.290837,0.468854
0.28159,0.335706,0.382704
0.309149,0.291546,0.399305
0.343767,0.377661,0.278572
0.341107,0.325885,0.333008
0.32272,0.304832,0.372448
0.294356,0.33098,0.374664
0.302086,0.288642,0.409272
0.324221,0.380206,0.295573
0.309272,0.348365,0.342363
0.323907,0.294303,0.381789
0.322683,0.326888,0.350429
0.325257,0.321191,0.353552
0.334629,0.316492,0.348879
0.345763,0.315966,0.338271
0.35619,0.318492,0.325318
0.364738,0.322126,0.313135
0.370984,0.325534,0.303483
0.411893,0.354069,0.234038
0.390525,0.358184,0.251291
0.376351,0.343068,0.280582
0.403741,0.376705,0.219553
0.381951,0.335893,0.282156
0.336291,0.342685,0.321024
0.353593,0.392482,0.253925
0.324839,0.348208,0.326953
0.323952,0.323745,0.352303
0.341246,0.282612,0.376142
0.377608,0.370032,0.25236
0.375682,0.429184,0.195134
0.344135,0.351005,0.30486
0.306408,0.432617,0.260975
0.275422,0.466803,0.257775
0.248814,0.463099,0.288088
0.234493,0.441755,0.323752
0.228291,0.289953,0.481756
0.254095,0.353568,0.392337
0.279832,0.397993,0.322175
0.288826,0.307349,0.403825
0.292617,0.275787,0.431596
0.293741,0.272717,0.433541
0.309433,0.38689,0.303677
0.30759,0.443357,0.249053
0.279036,0.346607,0.374357
0.313901,0.384017,0.302082
0.329929,0.416804,0.253267
0.320435,0.326764,0.3528
0.300246,0.287579,0.412176
0.302369,0.392739,0.304892
0.279764,0.338571,0.381665
0.315881,0.377777,0.306343
0.335114,0.413402,0.251484
0.316052,0.345341,0.338608
0.351842,0.380323,0.267835
0.358736,0.422026,0.219238
0.33612,0.336947,0.326933
0.316709,0.414458,0.268834
0.288084,0.320327,0.391589
0.254588,0.301326,0.444087
0.270691,0.301889,0.42742
0.294379,0.297422,0.408199
0.3468,0.31953,0.33367
0.359583,0.337275,0.303142
0.397045,0.366693,0.236262
0.388803,0.334066,0.277131
0.355447,0.349329,0.295224
0.350179,0.30853,0.341291
0.336157,0.302164,0.36168
0.332933,0.408904,0.258163
0.313833,0.460508,0.225659
0.269267,0.349386,0.381347
0.278331,0.313695,0.407974
0.308437,0.269411,0.422152
0.356192,0.353074,0.290734
0.356423,0.318711,0.324866
0.357254,0.412208,0.230538
0.3321,0.465409,0.202491
0.290174,0.487102,0.222724
0.247689,0.475215,0.277096
0.214446,0.294285,0.491269
0.208295,0.237247,0.554458
0.224986,0.268587,0.506427
0.257336,0.245211,0.497453
0.29366,0.299277,0.407063
0.311859,0.265261,0.42288
0.361448,0.359167,0.279386
0.354103,0.356888,0.28901
0.349046,0.340036,0.310918
0.358489,0.297251,0.34426
0.3524,0.337522,0.310078
0.355039,0.298216,0.346744
0.344196,0.339387,0.316417
0.347071,0.297566,0.355363
0.336802,0.338178,0.32502
0.332113,0.329268,0.338619
0.369968,0.356395,0.273637
0.382996,0.406836,0.210168
0.360683,0.344211,0.295106
0.31124,0.335989,0.352771
0.332797,0.38825,0.278953
0.325825,0.319943,0.354232
0.301943,0.324884,0.373173
0.305551,0.316825,0.377624
0.325525,0.275207,0.399268
0.367729,0.363677,0.268594
0.361964,0.32673,0.311306
0.340875,0.313345,0.345781
0.306296,0.339854,0.35385
0.310419,0.295119,0.394462
0.311113,0.289238,0.39965
0.322865,0.392818,0.284317
0.301366,0.354004,0.34463
0.330641,0.386097,0.283261
0.319237,0.343351,0.337412
0.356781,0.37198,0.271238
0.3546,0.320966,0.324433
0.339365,0.303183,0.357452
0.333619,0.408807,0.257574
0.297784,0.353621,0.348596
0.308509,0.296969,0.394522
0.328272,0.382311,0.289417
0.320885,0.320063,0.359052
0.317235,0.409013,0.273753
0.3036,0.453262,0.243138
0.266678,0.340088,0.393234
0.291552,0.284327,0.424121
0.299475,0.308001,0.392524
0.316647,0.273522,0.409832
0.356566,0.365584,0.27785
0.362618,0.425083,0.212299
0.32759,0.363585,0.308824
0.346752,0.402333,0.250915
0.340134,0.438552,0.221314
0.312453,0.334051,0.353496
0.292881,0.407421,0.299698
0.279006,0.443981,0.277013
0.260746,0.312825,0.426429
0.243414,0.288199,0.468387
0.290579,0.343176,0.366246
0.328279,0.385806,0.285915
0.345638,0.422732,0.23163
0.323606,0.350207,0.326188
0.326891,0.32205,0.351059
0.336699,0.314444,0.348858
0.347404,0.31474,0.337856
0.357227,0.318422,0.324351
0.401411,0.348376,0.250213
0.396141,0.327914,0.275945
0.37721,0.322427,0.300362
0.356409,0.428749,0.214842
0.318683,0.349571,0.331746
0.268472,0.298369,0.43316
0.256075,0.401601,0.342323
0.251171,0.307989,0.44084
0.249779,0.27191,0.478311
0.252919,0.303843,0.443238
0.271764,0.301843,0.426393
0.297231,0.297848,0.404921
0.321895,0.301107,0.376999
0.373341,0.323524,0.303136
0.40651,0.381576,0.211914
0.392678,0.345066,0.262256
0.348699,0.352205,0.299096
0.341629,0.30997,0.348401
0.341699,0.403819,0.254483
0.323655,0.454293,0.222052
0.292099,0.337681,0.37022
0.247628,0.303965,0.448407
0.287106,0.358429,0.354465
0.317796,0.39394,0.288264
0.3227,0.318933,0.358367
0.316356,0.292607,0.391038
0.30621,0.286908,0.406883
0.295644,0.286537,0.417819
0.280921,0.325417,0.393663
0.293331,0.281411,0.425258
0.306163,0.28107,0.412767
0.327231,0.383774,0.288995
0.327318,0.438399,0.234283
0.309088,0.340182,0.35073
0.268188,0.320088,0.411724
0.285948,0.279186,0.434866
0.299167,0.274317,0.426516
0.301695,0.320998,0.377307
0.313988,0.279938,0.406074
0.346133,0.373289,0.280578
0.341961,0.325397,0.332642
0.322081,0.307559,0.37036
0.292306,0.334446,0.373248
0.315337,0.382661,0.302002
0.327826,0.419815,0.252358
0.305117,0.34862,0.346262
0.340813,0.379935,0.279251
0.339604,0.318346,0.34205
0.319345,0.325831,0.354823
0.348327,0.37498,0.276693
0.355546,0.421208,0.223246
0.338243,0.456159,0.205598
0.302635,0.337402,0.359962
0.261685,0.275769,0.462546
0.248175,0.260927,0.490898
0.265289,0.369925,0.364786
0.271736,0.300745,0.42752
0.270529,0.313548,0.415923
0.308932,0.354422,0.336646
0.339753,0.396629,0.263618
0.346539,0.433912,0.219549
0.328986,0.46229,0.208723
0.294346,0.334498,0.371156
0.269854,0.401203,0.328944
0.242319,0.314384,0.443297
0.269203,0.298518,0.432278
0.324424,0.326773,0.348803
0.341011,0.330277,0.328712
0.383155,0.360683,0.256162
0.373091,0.352367,0.274542
0.376258,0.310703,0.313039
0.360237,0.340529,0.299234
0.349483,0.33373,0.316787
0.356571,0.294302,0.349127
0.350883,0.33664,0.312477
0.353999,0.29701,0.348991
0.344805,0.339584,0.31561
0.369953,0.378238,0.251808
0.346569,0.354953,0.298478
0.340325,0.332514,0.32716
0.353045,0.290003,0.356952
0.38102,0.378443,0.240537
0.352294,0.359711,0.287995
0.341207,0.336922,0.321871
0.341482,0.323718,0.3348
0.347211,0.318425,0.334364
0.354771,0.31837,0.326859
0.36216,0.320877,0.316964
0.405624,0.348721,0.245655
0.38808,0.355351,0.256569
0.376509,0.341649,0.281842
0.379839,0.303879,0.316282
0.393441,0.393724,0.212835
0.352555,0.365721,0.281724
0.33528,0.338143,0.326577
0.33426,0.322238,0.343502
0.377101,0.349383,0.273516
0.374484,0.318785,0.306732
0.351675,0.343047,0.305278
0.341597,0.333092,0.325312
0.341915,0.323854,0.334231
0.383363,0.351403,0.265235
0.379333,0.322008,0.298659
0.362563,0.314677,0.32276
0.336129,0.310903,0.352968
0.300001,0.340013,0.359985
0.294954,0.327837,0.377209
0.314658,0.277424,0.407918
0.326249,0.324453,0.349299
0.361811,0.356096,0.282093
0.377377,0.407617,0.215006
0.360731,0.452708,0.18656
0.322684,0.350316,0.327
0.262121,0.310196,0.427682
0.279773,0.276602,0.443624
0.311245,0.363174,0.325581
0.326301,0.414731,0.258968
0.306867,0.348616,0.344517
0.324125,0.294397,0.381478
0.349479,0.380084,0.270437
0.338532,0.325308,0.33616
0.328497,0.416302,0.255201
0.306213,0.462194,0.231593
0.275472,0.474206,0.250322
0.243844,0.312779,0.443378
0.225572,0.251481,0.522947
0.233271,0.24469,0.522039
0.26396,0.350251,0.385789
0.272313,0.325829,0.401859
0.294699,0.310751,0.39455
0.321238,0.270051,0.408711
0.347965,0.284545,0.36749
0.375796,0.386472,0.237732
0.363189,0.449672,0.187139
0.320521,0.49004,0.189439
0.254462,0.343039,0.402499
0.284048,0.388407,0.327545
0.279275,0.321534,0.399191
0.310245,0.27681,0.412946
0.330616,0.27909,0.390294
0.335041,0.327672,0.337286
0.334336,0.32688,0.338784
0.371792,0.359106,0.269102
0.384482,0.410863,0.204656
0.361098,0.346652,0.29225
0.309872,0.335548,0.354581
0.303151,0.323006,0.373843
0.312844,0.311598,0.375558
0.327722,0.3082,0.364078
0.376851,0.332579,0.29057
0.382638,0.315155,0.302208
0.368672,0.348615,0.282713
0.356447,0.33982,0.303732
0.386005,0.37408,0.239915
0.383091,0.425059,0.19185
0.349644,0.349127,0.301229
0.300833,0.302869,0.396298
0.270042,0.282959,0.447
0.271361,0.391801,0.336837
0.268625,0.310086,0.421289
0.265087,0.278767,0.456146
0.262953,0.310838,0.426209
0.283916,0.268584,0.447499
0.302555,0.31587,0.381575
0.313673,0.313306,0.373021
0.329101,0.312085,0.358814
0.344137,0.314158,0.341705
0.356798,0.318332,0.32487
0.366367,0.322797,0.310836
0.408652,0.350767,0.240581
0.390695,0.357252,0.252053
0.409039,0.392806,0.198155
0.385402,0.445766,0.168833
0.334409,0.483945,0.181645
0.274897,0.337444,0.387659
0.214949,0.276756,0.508295
0.242403,0.287793,0.469804
0.274052,0.285095,0.440852
0.304073,0.252113,0.443814
0.342786,0.318134,0.33908
0.354323,0.285614,0.360063
0.392856,0.379039,0.228105
0.38423,0.441771,0.174
0.345938,0.36249,0.291572
0.285237,0.306337,0.408426
0.249561,0.280173,0.470267
0.233065,0.30513,0.461805
0.251195,0.301836,0.446969
0.301754,0.314502,0.383745
0.351969,0.36009,0.287941
0.361577,0.320323,0.3181
0.355409,0.310024,0.334567
0.347793,0.416375,0.235832
0.318825,0.471429,0.209746
0.265501,0.349122,0.385377
0.271656,0.312011,0.416333
0.323054,0.34077,0.336177
0.339461,0.30175,0.358789
0.339654,0.329527,0.330819
0.339751,0.325692,0.334558
0.37795,0.358866,0.263184
0.363996,0.350415,0.285588
0.36826,0.3064,0.32534
0.353521,0.338905,0.307574
0.354294,0.300174,0.345532
0.341074,0.337937,0.320989
0.334813,0.329848,0.335339
0.346596,0.287503,0.365901
0.354687,0.296616,0.348697
0.349298,0.305426,0.345276
0.325168,0.347439,0.327392
0.31645,0.33519,0.34836
0.321383,0.321038,0.357579
0.340033,0.277606,0.382361
0.351011,0.331307,0.317682
0.358271,0.292418,0.349311
0.354871,0.341359,0.30377
0.348335,0.334444,0.317221
0.382438,0.364278,0.253284
0.374398,0.326899,0.298703
0.351525,0.314742,0.333733
0.335101,0.420889,0.244011
0.292947,0.358851,0.348202
0.291008,0.325268,0.383724
0.315342,0.276694,0.407964
0.356191,0.361181,0.282627
0.36482,0.418528,0.216652
0.34338,0.344047,0.312573
0.305178,0.3034,0.391423
0.277451,0.285979,0.43657
0.263617,0.278518,0.457865
0.272321,0.387091,0.340588
0.279216,0.431359,0.289424
0.278487,0.320252,0.401261
0.271688,0.279296,0.449016
0.284651,0.379986,0.335364
0.275491,0.335422,0.389087
0.315902,0.368659,0.315439
0.340866,0.406081,0.253054
0.335799,0.329501,0.334699
0.308207,0.323998,0.367794
0.317412,0.287281,0.395308
0.340778,0.379962,0.279261
0.331163,0.323918,0.344919
0.302051,0.331403,0.366546
0.327688,0.380913,0.2914
0.337866,0.421333,0.240801
0.310816,0.349421,0.339763
0.315197,0.320545,0.364258
0.328041,0.311212,0.360747
0.34681,0.277789,0.375401
0.360769,0.330654,0.308577
0.391841,0.36906,0.239099
0.380528,0.333377,0.286095
0.36451,0.425405,0.210085
0.326297,0.476715,0.196987
0.276188,0.491499,0.232313
0.230014,0.313541,0.456445
0.199411,0.265656,0.534934
0.2538,0.326442,0.419758
0.287467,0.28024,0.432293
0.311727,0.313486,0.374787
0.325173,0.31469,0.360137
0.369669,0.345461,0.284871
0.367683,0.348154,0.284163
0.373687,0.306784,0.319529
0.369524,0.308777,0.321699
0.35077,0.311713,0.337516
0.316083,0.345641,0.338276
0.332174,0.395964,0.271862
0.311668,0.349349,0.338983
0.326742,0.293844,0.379413
0.351336,0.379213,0.269451
0.340969,0.326199,0.332832
0.317875,0.303936,0.378188
0.296309,0.294143,0.409548
0.293157,0.404695,0.302147
0.283072,0.322242,0.394687
0.259438,0.318806,0.421756
0.281124,0.274322,0.444554
0.295384,0.313359,0.391257
0.33397,0.345858,0.320172
0.346952,0.30857,0.344478
0.360928,0.398807,0.240265
0.34471,0.453809,0.201481
0.296332,0.358139,0.345528
0.293753,0.320476,0.385771
0.317533,0.277246,0.405221
0.32935,0.317807,0.352843
0.340118,0.283022,0.376859
0.346254,0.332624,0.321122
0.37495,0.371935,0.253114
0.36678,0.329547,0.303673
0.33382,0.345065,0.321115
0.334385,0.301095,0.36452
0.328398,0.296387,0.375215
0.317375,0.297177,0.385448
0.304129,0.297166,0.398706
0.291417,0.295009,0.413574
0.273986,0.331272,0.394742
0.302349,0.369513,0.328138
0.326029,0.404983,0.268987
0.325663,0.326467,0.34787
0.322967,0.40826,0.268774
0.305495,0.326338,0.368167
0.272245,0.316364,0.411391
0.281838,0.310604,0.407558
0.329197,0.336856,0.333947
0.364257,0.384221,0.251523
0.3695,0.428828,0.201671
0.344661,0.346376,0.308963
0.31462,0.425098,0.260282
0.269418,0.336293,0.394289
0.304118,0.381433,0.314449
0.309446,0.308282,0.382272
0.308288,0.285125,0.406587
0.322092,0.388609,0.289299
0.317683,0.44277,0.239547
0.296818,0.333281,0.369901
0.260754,0.308101,0.431144
0.297375,0.363168,0.339458
0.323808,0.401082,0.27511
0.323923,0.322754,0.353323
0.305473,0.322091,0.372436
0.317232,0.284847,0.397921
0.344718,0.377209,0.278073
0.336433,0.324545,0.339023
0.32771,0.416892,0.255398
0.292337,0.351873,0.35579
0.29463,0.321867,0.383503
0.340425,0.349187,0.310389
0.340666,0.336945,0.322389
0.35473,0.293977,0.351293
0.354919,0.333784,0.311297
0.350876,0.330152,0.318972
0.386389,0.362945,0.250666
0.366777,0.353306,0.279917
0.358182,0.335671,0.306146
0.356402,0.326475,0.317123
0.358537,0.322752,0.318711
0.362447,0.322464,0.315089
0.37339,0.290375,0.336235
0.40555,0.379614,0.214837
0.37259,0.368155,0.259255
0.381865,0.408757,0.209378
0.339242,0.358662,0.302096
0.32825,0.329036,0.342714
0.33222,0.316135,0.351645
0.377806,0.343567,0.278627
0.377229,0.317346,0.305425
0.365659,0.312292,0.322049
0.334879,0.344323,0.320798
0.333792,0.302266,0.363942
0.327056,0.297939,0.375005
0.308299,0.335934,0.355767
0.315799,0.290161,0.39404
0.339024,0.38182,0.279156
0.339243,0.434043,0.226714
0.318211,0.341349,0.34044
0.29454,0.420577,0.284883
0.260732,0.336286,0.402982
0.286517,0.282338,0.431145
0.321006,0.363611,0.315383
0.314718,0.339071,0.346211
0.351215,0.373466,0.275318
0.34106,0.345458,0.313482
0.35219,0.299165,0.348645
0.346118,0.331814,0.322068
0.372921,0.375686,0.251393
0.372705,0.426671,0.200625
0.343724,0.466244,0.190032
